GEOID,suicide_rate_per_100k,pct_male,median_age,pct_hispanic,pct_nh_black,pct_nh_aian,pct_nh_asian,pct_nh_two_or_more,median_hh_income,poverty_rate_all,poverty_rate_child_u18,poverty_rate_elderly_65p,gini_index,hh_public_assistance_share,lfp_rate_16p,unemployment_rate,edu_grad_prof_25p,hh_single_person_share,avg_hh_size,marital_divorced_share_15p,housing_occupied_share,renter_occupied_share,overcrowding_rate_gt1pproom,rent_burdened_gt30,rent_burdened_gt50,residential_stability_same_house_1yr,uninsured_rate,veteran_share_18p
44001030100,20.12072435,0.4774647887323943,42.5,0.1020120724346076,0.000603622,0,0.046076459,0,123646,0.053524004,0.2786259541984733,0.039615846,0.4719,0.004025302,0.6231075697211156,0.019607843,0.3149466192170818,0.1966647498562392,2.82,0.016469377,0.9560197910940076,0.1633122484186314,0.016676251,0.7253521126760564,0.1478873239436619,0,0.003873598,0.034284147
44001030200,117.0617501,0.4644424934152765,42.4,0.071407668,0.00936494,0,0.038045069,0.000877963,128761,0.033655253,0.2782608695652174,0.099056604,0.3723,0.048231511,0.7302483069977427,0.049459042,0.4084753167321974,0.1631832797427652,2.7,0,0.9896579156722356,0.1921221864951768,0,0.5700934579439252,0.3691588785046729,0.002363368,0.019022534,0.048630977
44001030300,22.04585538,0.4953703703703703,42.9,0.037037037,0.010141093,0,0.041446208,0.007054674,172609,0.059964727,0.040441176,0.2868217054263566,0.3623,0.014962594,0.6821210438645197,0.006105006,0.3946777813401731,0.192643392,2.82,0.008423913,0.9098128190584232,0.046134663,0,0,0,0,0.013888889,0.052941176
44001030500,89.73975471,0.4735267723601555,45.1,0.037391564,0.017349686,0,0.011367036,0,74444,0.1461117861482381,0.1663201663201663,0.2801120448179272,0.4609,0.004,0.6457905544147844,0.063063063,0.1090444930707512,0.5582857142857143,1.9,0.004026846,0.8997429305912596,0.6542857142857142,0,0.4972826086956521,0.2744565217391304,0.006622517,0.027261833,0.047928792
44001030601,55.20287055,0.5313276290367099,47,0.043334253,0.011316588,0,0.012144632,0,119120,0.019569472,0,0.096685083,0.3774,0.006603081,0.7373286579534587,0.029399049,0.1290812452543659,0.3382245047688921,2.62,0.040784066,0.8670483460559797,0.1628760088041085,0,0.193069307,0.1237623762376237,0.002208724,0.028235952,0.017578125
44001030602,47.93863854,0.4896931927133269,54.5,0.030201342,0.013662512,0,0,0.007430489,78542,0.1118485742379547,0.2,0.1726006191950464,0.4486,0.030827474,0.6191751472951259,0.047722343,0.1616191030867792,0.447809627,2.18,0.010074231,0.9112863479546576,0.3098972417522985,0,0.558935361,0.2832699619771863,0,0.004186161,0.059758772
44001030700,140.4987706,0.4134176325957148,40.8,0.087811732,0.023533544,0.002458728,0.037934668,0.010186161,64858,0.1099402880224798,0.4121405750798722,0.1847619047619047,0.423,0,0.7266694317710494,0.017694064,0.1647005444646098,0.5635074145712443,1.83,0.029033596,0.7121212121212122,0.7130883301096067,0,0.4436229205175601,0.2162661737523105,0,0.054092027,0.046868519
44001030800,49.65243297,0.4938761999337968,22,0.025322741,0.026481298,0.000662032,0.010923535,0,116399,0.074260355,0.3625498007968127,0.031034483,0.3938,0.1244886031560491,0.5375402216660707,0.043897572,0.2184031507339778,0.4482758620689655,1.96,0.008991537,0.8769861609431061,0.3834015195791934,0,0.2492260061919504,0.1408668730650154,0.002492522,0.009102946,0.049936903
44001030901,46.92632567,0.4891287345534178,45.1,0.012357266,0.001564211,0,0.008290318,0,111469,0.039423077,0.3983739837398374,0.042264151,0.3829,0.031886625,0.644926182,0.009307737,0.1382913337430854,0.2524357838795394,2.75,0.011904762,0.9847361535106848,0.068644818,0.004871568,0.1666666666666666,0.1666666666666666,0,0.022482736,0.065696227
44001030902,14.21464108,0.4979388770433546,55.1,0.023596304,0.002842928,0,0.007818053,0.00952381,99423,0.093154444,0.2078559738134206,0.1262002743484225,0.4502,0.053040541,0.5434954840754239,0.034585569,0.2322015334063527,0.4192567567567568,2.2,0.034316019,0.9113300492610836,0.2293918918918918,0,0.5038880248833593,0.2410575427682737,0,0.015819042,0.083593365
44003020101,43.49086692,0.4966657002029573,44.2,0.125253697,0.00985793,0,0.046245288,0.004783995,81339,0.0752392,0.4527938342967245,0.062537583,0.3968,0,0.6879373542152616,0.06369581,0.1170035230854811,0.3647566235366605,2.12,0.01032989,1,0.2812692544670364,0,0.4062153163152053,0.1198668146503884,0.011350407,0.011162656,0.068830727
44003020102,123.78791,0.5112440684959769,46.6,0.1142975036104807,0.01815556,0,0.046833093,0.01423561,64587,0.083753149,0.4235588972431077,0.085714286,0.4437,0.018077601,0.5962747380675204,0.062475595,0.086162551,0.4532627865961199,2.1,0.008847497,0.9442131557035804,0.4021164021164021,0.012786596,0.4400452488687782,0.2726244343891402,0.038774234,0.029806885,0.1151486550259556
44003020200,75.6429652,0.5151285930408472,38.8,0.1463691376701966,0.003214826,0,0,0.014183056,69107,0.1219742813918305,0.262015504,0.2904953145917001,0.3898,0.026108579,0.7208390963577685,0.056603774,0.080248512,0.4500621632822213,2.18,0,0.9392759828727132,0.6021549937836718,0,0.3915159944367176,0.1954102920723226,0,0.044818457,0.063258637
44003020300,31.57562362,0.5366277233975371,33.5,0.024786865,0.009314809,0,0.01089359,0.004736344,68869,0.143984844,0.3870614035087719,0.2152941176470588,0.3841,0.043406774,0.6707520891364902,0.029501809,0.041050541,0.5014797763893456,2.08,0.019312906,0.917899185,0.6261098322920092,0,0.4661290322580645,0.2591397849462366,0,0.016943785,0.063679695
44003020400,61.53846154,0.5110769230769231,34.2,0.075076923,0,0.011384615,0.009846154,0,94054,0.1014897579143389,0.3302752293577982,0.1431980906921241,0.4558,0.007564297,0.7813884785819794,0.049149338,0.097120756,0.34871407,2.45,0.031533164,0.907967033,0.4886535552193646,0.055975794,0.5351437699680511,0.134185304,0,0.042769231,0.074822297
44003020500,22.68602541,0.4503176043557169,48.8,0.1626588021778584,0.041742287,0,0.027450091,0.003629764,87328,0.050362976,0.040540541,0.095238095,0.3948,0.015048544,0.7181295715778474,0.028737723,0.068087462,0.3844660194174757,2.13,0.007575758,0.9730751062824752,0.337378641,0,0.4863309352517985,0.1640287769784172,0,0.03561706,0.079799842
44003020601,90.47044632,0.4669782870928829,42.3,0.038148372,0,0,0.025331725,0,121893,0.060610734,0.5216284987277354,0.039240506,0.3187,0.025,0.7857523538816842,0.040482147,0.080161599,0.2976190476190476,2.57,0.003138075,1,0.1678571428571428,0.000793651,0.081683168,0.017326733,0.006082725,0.01362651,0.056529112
44003020602,146.6705779,0.4810794954532121,46.3,0.044294515,0.002933412,0,0.010853623,0.002346729,79000,0.1100029334115576,0.1973333333333333,0.1478658536585365,0.3685,0.045454545,0.6775685497191939,0.061264822,0.065814216,0.4194805194805194,2.21,0.033821138,0.9221556886227544,0.209090909,0.037012987,0.402027027,0.2229729729729729,0,0.006209344,0.059511158
44003020603,76.88759034,0.5026910656620022,48.8,0.057050592,0.000153775,0,0,0,91744,0.1191028615622583,0.335064935,0.1159777914867365,0.4027,0.018874399,0.6160153524075367,0.034551119,0.076097374,0.3246396705559368,2.23,0.020811655,0.9396968719767816,0.2076183939601922,0,0.8209876543209876,0.5534979423868313,0.007743534,0.027859012,0.093854552
44003020702,19.73554371,0.5000986777185712,48.7,0.02723505,0.008288928,0,0.003947109,0.008880995,132533,0.067537688,0.2291666666666666,0.1167953667953668,0.3908,0.010683761,0.6672897196261682,0.017507003,0.2153392330383481,0.2451923076923076,2.67,0.008727607,0.9831932773109244,0.05715812,0.004273504,0.514018692,0.514018692,0,0.013139558,0.067905647
44003020703,29.6647879,0.5261050133491546,44.2,0.026253337,0,0,0,0,119375,0.040309138,0.2368421052631578,0.024135157,0.3866,0.005035669,0.680204042,0.045191194,0.1185468451242829,0.2144355853965589,2.77,0.009681093,0.8659156976744186,0.088543852,0.016785564,0.6492890995260664,0.4407582938388625,0,0.00227825,0.051942902
44003020800,75.78053956,0.4936344346771749,43.7,0.082752349,0.003789027,0.002273416,0.01409518,0.017732646,137485,0.017519805,0.086956522,0.012605042,0.352,0.076218242,0.6867491482876098,0.078240253,0.1805054151624548,0.1499375260308205,2.73,0.005994358,0.9569549621363092,0.1740941274468971,0,0.3343195266272189,0.035502959,0.010367434,0.000762079,0.084308264
44003020901,53.3191149,0.5190615835777126,40,0.078379099,0,0.002665956,0.1415622500666488,0,112619,0.084854995,0.1930379746835443,0.1275590551181102,0.4891,0.033373063,0.69524727,0.054965358,0.3358585858585858,0.401072706,2.23,0.021582734,0.8935037273695421,0.4266984505363528,0.027413588,0.4604651162790698,0.1720930232558139,0.005611972,0.008264463,0.066376131
44003020903,75.50588946,0.5013591060102688,43.2,0.014950166,0.01359106,0,0.1183932346723044,0,199189,0.044273636,0.3576388888888889,0.071818182,0.4609,0.012477718,0.6246781540899188,0.023763648,0.3697038724373576,0.2388591800356506,2.88,0.018768328,0.9651612903225808,0.059714795,0,0.2784810126582278,0.2784810126582278,0.018529957,0.002582802,0.094237435
44003021001,40.22526146,0.50160901,42.8,0.1150442477876106,0.055108608,0,0.047868061,0,96250,0.048242028,0.1610169491525423,0.092077088,0.3749,0.008919722,0.6483516483516484,0.059690494,0.094035465,0.333994054,2.46,0.019498607,0.9892156862745098,0.1337958374628345,0.03567889,0.5,0.054545455,0.0076428,0.010458568,0.057344064
44003021002,22.54791432,0.4717023675310033,47.2,0.03945885,0.01848929,0,0.006538895,0.014205186,82500,0.1190529875986471,0.6003787878787878,0.050810811,0.3668,0.012140288,0.6742485783915516,0.05984634,0.1445135746606334,0.5040467625899281,1.99,0.003790956,0.9455782312925172,0.1587230215827338,0.010341727,0.5255681818181818,0,0,0.03847895,0.066722269
44003021100,100,0.4802,36.7,0.0374,0.0226,0,0,0,84730,0.121,0.3057851239669421,0.2547834843907351,0.3852,0.014891697,0.7096064531899291,0.054426455,0.066009313,0.4602888086642599,2.25,0,0.9555843035791288,0.4043321299638989,0,0.5122850122850123,0.3194103194103194,0,0.0164,0.1132457027300303
44003021200,28.39295855,0.5159000567859171,41,0.1081771720613287,0.1590005678591709,0,0.036626917,0.003123225,87209,0.053264605,0.1505376344086021,0.1313432835820895,0.5117,0.009779951,0.7065750736015701,0.049074074,0.075773746,0.3465770171149144,2.15,0.007196598,0.9332572732458644,0.2059902200488997,0.006723716,0.7626112759643917,0.3946587537091988,0.009098664,0.05479841,0.05969657
44003021300,85.26966532,0.4711149008740141,51.5,0.019398849,0.060328288,0,0,0.009166489,92073,0.068642081,0,0.070480082,0.4386,0.015639374,0.619234544,0.026746507,0.2132373303793963,0.4052437902483901,2.14,0.005907372,0.9718372820742064,0.086476541,0.021619135,0.7180851063829787,0.175531915,0.003214745,0.083476027,0.063607925
44003021401,24.64268112,0.4627895515032035,44.2,0.034253327,0.031542632,0,0.019960572,0,110000,0.043124692,0.08,0.092753623,0.3388,0.025324675,0.6801631226332654,0.040685225,0.1221324717285945,0.2402597402597402,2.61,0.001728608,0.9871794871794872,0.111038961,0,0.4586466165413533,0.2406015037593984,0.003455937,0.036224741,0.072597441
44003021402,53.99568035,0.5037796976241901,36.6,0.086663067,0.001349892,0,0.007289417,0.012149028,71419,0.066299862,0.1825726141078838,0.066787004,0.3999,0.008368201,0.7283120376597175,0.096029548,0.077367206,0.40027894,2.54,0.004693262,0.9937629937629938,0.29986053,0.0041841,0.4058679706601467,0.1222493887530562,0.014626219,0.031728665,0.069415808
44003021502,74.33102081,0.4935579781962338,47.7,0.067393459,0.003221011,0,0.008919722,0,90746,0.1038671294000991,0.4844868735083532,0.093078759,0.4608,0.05375,0.6037898363479759,0.075606277,0.087088097,0.293125,2.52,0.022044088,0.9148084619782731,0.145625,0,0.40625,0.1160714285714285,0,0.023054041,0.056279621
44003021600,62.97229219,0.4918136020151133,57.4,0.060453401,0,0,0.006926952,0.013853904,125673,0.045969773,0.01369863,0.1006036217303823,0.5375,0.013657056,0.5335276967930029,0.032786885,0.2146803472770323,0.2458270106221547,2.4,0.020480226,0.9441260744985672,0.040971168,0.006069803,0.3529411764705882,0.3529411764705882,0,0.006926952,0.072431633
44003021700,59.33544304,0.557753165,47,0.1058148734177215,0.012856013,0.003362342,0.03659019,0,82520,0.1014118114933386,0.3803921568627451,0.1234798877455566,0.3307,0.044556729,0.6973321067157314,0.1028533510285335,0.050062893,0.2994947175011483,2.32,0.019804234,0.9967948717948718,0.1318327974276527,0.007808911,0.554006969,0.3310104529616725,0,0.017100815,0.092451027
44003021800,78.65757735,0.4538542212899842,50.4,0.09124279,0.04090194,0.000524384,0.011536445,0,72500,0.053754941,0.068627451,0.088427948,0.452,0.04781106,0.6266626360338573,0,0.045772187,0.5155529953917051,2.19,0.025230039,0.9491525423728814,0.4187788018433179,0.012096774,0.4594222833562586,0.1499312242090784,0,0.013109596,0.061585366
44003021901,32.09242619,0.4922978177150192,34.8,0.055198973,0.062259307,0,0.01957638,0.002888318,85723,0.051347882,0.58125,0.090349076,0.3389,0.006264683,0.7537537537537538,0.017643711,0.044494382,0.4142521534847298,2.44,0.008102345,0.986100386,0.2247454972592012,0,0.5400696864111498,0.066202091,0,0.008344031,0.023295945
44003021902,106.4962726,0.549520767,49.7,0.026624068,0.020944267,0,0.035853745,0,110644,0.00535523,0,0.003252033,0.2987,0,0.7409181636726547,0.068426724,0.035897436,0.3934426229508196,2.28,0.007106198,0.898379971,0.1557377049180328,0.030327869,0.4953271028037383,0.1121495327102803,0.00035791,0.004284184,0.066987565
44003022000,27.52546105,0.426094137,44.5,0.02091935,0.007707129,0,0.1136801541425818,0.007431874,89038,0.027272727,0,0.057757644,0.4275,0.062909567,0.6241111829347123,0.032107716,0.1278034887860448,0.5294888597640891,2.29,0.024240465,0.9067142008318478,0.3971166448230668,0.024901704,0.4937833037300178,0.1758436944937833,0,0.01875,0.095530536
44003022100,61.21824304,0.4880624426078971,38.7,0.076828895,0.029843893,0,0,0,102333,0.038238521,0.040983607,0.082542694,0.3521,0.017661901,0.7162445248524091,0.01302845,0.1214078859434172,0.3107653490328007,2.68,0.010820046,0.9299960891669926,0.1707317073170731,0,0.7087628865979382,0.4020618556701031,0,0.006095655,0.037102473
44003022201,28.88503755,0.4952339688041594,44,0.031195841,0,0.001010976,0.020075101,0,133763,0.025274408,0.097142857,0.109717868,0.4174,0.023542195,0.6776614310645724,0.039286637,0.2741837355505983,0.3252444766388989,2.51,0.019313675,0.9846647646219686,0.2426657008330315,0,0.5163297045101088,0.1990668740279937,0,0.003907381,0.05478694
44003022300,93.479785,0.3982238840850666,43.1,0.09558308,0.011918673,0.001635896,0.094414583,0.021032952,58893,0.1172186986140474,0.098196393,0.2527733755942947,0.4282,0.028033088,0.5086393088552916,0.066348195,0.1336588342996643,0.5349264705882353,1.96,0.007252216,0.9477351916376306,0.5753676470588235,0,0.5552654482158399,0.1409921671018277,0,0.016826361,0.108546304
44003022400,46.25346901,0.4454209065679926,58.3,0.017576318,0.00693802,0,0.056891767,0,77019,0.018963922,0.073170732,0.048571429,0.5224,0.037069726,0.6023970818134445,0.034602076,0.1700605393505778,0.4739629302736098,1.91,0.026055237,0.9750430292598968,0.1862312444836716,0,0.551219512,0.2,0.028275212,0,0.079872204
44005040101,60.28938907,0.5068327974276527,46.1,0.1091237942122186,0.007234727,0,0.016278135,0,96176,0.069095477,0.5848484848484848,0.015858209,0.3842,0.0245,0.6856042368801155,0.054034838,0.1616133518776077,0.3045,2.39,0.042850265,0.9385265133740028,0.1955,0,0.2047872340425532,0.061170213,0.005718954,0.039465695,0.1178109956929313
44005040400,63.62334977,0.5392078892953714,53.1,0.022268172,0.013519962,0,0.003658343,0.005567043,128338,0.050229058,0,0.079003181,0.464,0,0.5569884316328466,0.024964838,0.2568603712671509,0.3586915176873336,2.32,0.023854245,0.7829064919594997,0.2864206922784328,0,0.4581993569131832,0.2620578778135048,0.003509892,0.015081206,0.097169998
44005040500,43.84042087,0.443445857,30.7,0.1740464708461201,0.1740464708461201,0.027400263,0.000876808,0.003288032,42852,0.2472599736957474,0.5585106382978723,0.2377049180327868,0.4681,0.093291405,0.6725820763087844,0.069487751,0.090425532,0.3867924528301887,2.39,0.013856132,0.9660759493670886,0.6677148846960168,0,0.6804123711340206,0.176050753,0.007704509,0.04059122,0.058403634
44005040600,44.7828034,0.4487236901030004,45.7,0.025750112,0.069189431,0.000223914,0.091804747,0.018137035,95436,0.088709677,0.2095959595959595,0.1629139072847682,0.4037,0.054401583,0.7344449975111996,0.1101169993117687,0.242398164,0.5756676557863502,2.2,0.00273768,0.8246329526916802,0.4817012858555885,0,0.5118376550169109,0.2187147688838782,0.007836991,0.055668703,0.1110271903323262
44005040700,59.80861244,0.5113636363636364,54.8,0.1058612440191387,0.007476077,0,0.020933014,0,112887,0.1120767156128259,0.3716577540106952,0.057675244,0.5058,0.009030704,0.5955760977220205,0.1211428571428571,0.3345362684951281,0.4214328717639976,2,0.0029615,0.8300849575212393,0.2588801926550271,0,0.419811321,0.294811321,0,0.06899696,0.083022704
44005040800,126.2095078,0.396718553,49.6,0.011358856,0.080774085,0,0.010096761,0,82011,0.1727941176470588,0.2047872340425532,0.1919770773638968,0.5954,0.008368201,0.5141662796098467,0.1167747914735866,0.3012048192771084,0.6527196652719666,1.82,0.026161479,0.6844215349369989,0.6175732217573222,0,0.6401098901098901,0.3118131868131868,0.010938157,0.017833259,0.059301769
44005040900,41.20313144,0.4165636588380716,37,0.070251339,0.009064689,0,0.017717347,0,95139,0.1104863649142535,0.3384223918575064,0.1186440677966101,0.5356,0.004656577,0.5392200806813088,0.094900222,0.2812608243851749,0.3777648428405122,2.05,0.000890274,0.7427583225248595,0.4080325960419092,0.005820722,0.6433770014556041,0.2590975254730713,0.04177982,0.01078516,0.058524788
44005041000,100.5530417,0.615887381,39.4,0.090497738,0.080442433,0.003519356,0,0.030165913,69732,0.1248041775456919,0.1213389121338912,0.130859375,0.5634,0.010824313,0.6431131592421915,0.052416052,0.1703360370799536,0.7452123230641132,1.56,0.023894255,0.7454996896337679,0.5711906744379683,0,0.4556213017751479,0.2159763313609467,0,0.035106383,0.074947589
44005041400,83.31019161,0.502638156,58.2,0,0,0,0.006387115,0,129750,0.029991669,0.074074074,0.055182699,0.5242,0.022813688,0.5706232383338553,0.060922064,0.2770919067215363,0.2978453738910012,2.28,0.006785935,0.6380913869793773,0.1007604562737642,0,0.4963503649635036,0.4306569343065693,0.00474198,0.02193835,0.063319476
44005041601,60.06006006,0.5147147147147147,43.4,0.033033033,0.007207207,0,0.003303303,0.004504505,91716,0.068016929,0.2533333333333333,0.037109375,0.3914,0.015162455,0.7306122448979592,0.028985507,0.1037408407250289,0.3285198555956679,2.4,0.002721088,0.9466848940533152,0.3458483754512635,0.005054152,0.371002132,0.3198294243070362,0.016021765,0.036735923,0.100843289
44005041602,82.9703381,0.4762497407176934,49.7,0.087326281,0.014104957,0,0.004355943,0,91193,0.05225453,0.092741935,0.041124058,0.3976,0.009933775,0.6119331742243437,0.028081123,0.1043745203376822,0.3902554399243141,2.24,0.01097852,0.8938689217758985,0.2478713339640492,0,0.3888888888888889,0.1643518518518518,0.003550543,0.03539823,0.053114437
44005041702,21.30833156,0.4551459620711698,50.5,0.004261666,0.014063499,0,0.006392499,0.013211166,119821,0.012579957,0.1016949152542373,0.0518591,0.3502,0,0.7195701074731318,0.1253097345132743,0.1686440677966101,0.2404775440591245,2.66,0.021447721,0.8158627087198516,0.068789085,0.006253553,0,0,0,0.012510785,0.045384219
44007000101,74.75703962,0.4532768502367306,25.9,0.3700473461250934,0.2075753800149514,0,0.036381759,0.003737852,46934,0.2591372079089275,0.4682080924855491,0.1510015408320493,0.433,0.094353109,0.5633431085043988,0.1978136387298282,0.020823245,0.4267333809864189,2.37,0,0.9803784162578836,0.3974267333809864,0.007147963,0.4929006085192697,0.3752535496957404,0.01127537,0.012216405,0.022076372
44007000102,18.91431814,0.5581615282769056,43.8,0.5982598827312275,0.1121619065632684,0.002269718,0.056742954,0.021562323,66115,0.08667676,0.1288209606986899,0.2593123209169054,0.3982,0.064752252,0.6835529304861426,0.079760718,0.1347499352163773,0.2421171171171171,2.98,0.006567426,0.9372031662269128,0.3890765765765765,0.024774775,0.6048265460030166,0.1885369532428356,0.025009473,0.002649508,0.021311475
44007000400,58.51375073,0.5118002730641701,28.4,0.812755998,0.1199531889994148,0.015408621,0,0,68188,0.1885342789598108,0.5245559038662487,0.2163588390501319,0.5134,0.270935961,0.7159618008185539,0.1817835365853658,0.021229868,0.1970443349753694,3.56,0.005830904,0.8892365456821026,0.733286418,0,0.4727272727272727,0.295959596,0.007731959,0.089721084,0.014701643
44007000500,28.3286119,0.4473087818696883,26.3,0.7490084985835694,0.1756373937677053,0,0.019546742,0.003116147,33560,0.3173241852487135,0.5252252252252252,0.6078431372549019,0.5234,0.1286549707602339,0.5835432409739715,0.1050359712230215,0.037993181,0.3927875243664717,3.44,0,0.8984238178633975,0.7153996101364523,0.040935673,0.6893732970027248,0.2847411444141689,0.019093759,0.071104816,0.004315926
44007000600,95.83133685,0.4389075227599425,33,0.6118830857690465,0.1379971250598946,0.00431241,0.079060853,0.004791567,42837,0.2193823216187433,0.2694174757281553,0.6294820717131474,0.4581,0.069553806,0.7065544197233915,0.033191489,0.079638752,0.6220472440944882,2.46,0.002405292,0.906064209,0.5551181102362205,0,0.3893129770992366,0.2468193384223918,0.037374221,0.003535354,0.030156815
44007000800,141.9590347,0.4378422226728858,30.5,0.162847293,0.076860677,0.000202799,0.1936726830257554,0,54747,0.2249863313285948,0.1822600243013366,0.4253968253968254,0.5689,0.033140655,0.5937888198757764,0.076708508,0.3210154241645244,0.8254335260115607,1.4,0.008488613,0.928443649,0.8782273603082852,0.008863198,0.4623364907532701,0.189445196,0.064118372,0.002636382,0.017184265
44007000900,69.95452956,0.3644630989856593,60.5,0.1206715634837355,0.079748164,0,0.008044771,0.002448409,61250,0.2969653179190751,0.1776155717761557,0.095201238,0.4535,0.048863636,0.3669369051815297,0.053794428,0.1457612456747405,0.8284090909090909,1.56,0.034896017,0.6811145510835913,0.9477272727272728,0,0.2623345367027677,0.1624548736462094,0,0.029023747,0.076923077
44007001000,40.50222762,0.496962333,36.4,0.38963143,0.050222762,0,0.029971648,0.012150668,56591,0.3815309842041312,0.3980891719745223,0.6194968553459119,0.4618,0.1649096385542168,0.6638086642599278,0.1481985044187627,0.14375,0.6686746987951807,1.86,0.003610108,0.8960863697705803,0.8177710843373494,0,0.6820412168792934,0.2993130520117762,0.005672609,0.043742406,0.026581118
44007001100,37.35524841,0.5282032125513635,33,0.1441912588718715,0.078072469,0,0.016809862,0.014194994,96336,0.1008623922009748,0.2304832713754646,0.3712121212121212,0.3605,0.087051939,0.8352895148669797,0.046838407,0.2321270962047661,0.7359180687637161,1.96,0.002725857,0.8570532915360501,0.6839795171909291,0,0.2583892617449664,0.078299776,0,0.016436309,0.006259781
44007001200,52.89605924,0.4892885480031738,33.2,0.5818566516794499,0.098915631,0,0.018513621,0,55401,0.2808312824719716,0.6056475170399221,0.4065420560747663,0.4709,0.1073170731707317,0.6328066215199398,0.1510107015457788,0.1328230526789734,0.4271777,2.57,0.001495327,0.9553928095872172,0.8285714285714286,0,0.3902439024390244,0.1740958788898234,0.011979308,0.066467716,0.009936407
44007001300,128.6670098,0.4526505404014411,33.6,0.3654143077714873,0.116829645,0,0.025990736,0,76333,0.1889436802491565,0.4189560439560439,0.2788671023965142,0.4113,0.088681447,0.7424,0.028448276,0.2278481012658227,0.5857642940490082,2.25,0.002792429,0.8365056124938994,0.6347724620770129,0,0.2111861137897782,0.088717454,0.026211279,0.04298291,0.014360313
44007001400,51.09862034,0.4815193323113609,33.5,0.6911940044285471,0.1563617782319877,0.025889968,0.037812979,0.006642821,47447,0.2703780783905654,0.4381013470173188,0.3787878787878788,0.4282,0.1166429587482219,0.5559447764269524,0.09340252,0.006666667,0.3314366998577525,2.74,0,0.9032119914346896,0.7245139876718824,0,0.2615268329554044,0.2018140589569161,0,0.089933572,0.003367759
44007001700,47.58505829,0.5196288365453248,30.6,0.7235308113252439,0.082798001,0,0.016416845,0.005710207,58384,0.2386390673328574,0.4695912263210369,0.4036144578313253,0.3572,0.1539558089807555,0.7411461687057308,0.1521640091116173,0.07164751,0.3014967925873129,2.99,0,0.8214285714285714,0.5937277263007841,0.03064861,0.5923645320197044,0.1822660098522167,0,0.058349609,0.020069204
44007001800,15.37751807,0.4357988620636629,33.6,0.556666154,0.2483469168076272,0,0.020452099,0.009380286,57808,0.29303857,0.4173354735152488,0.7168949771689498,0.4472,0.1654874213836478,0.7155818540433925,0.046030871,0.005805852,0.2472484276729559,2.56,0.000778665,0.8338249754178958,0.4886006289308176,0.02240566,0.2830188679245283,0.1632485643970467,0.005242868,0.039673997,0.016822051
44007001900,76.499388,0.5841493268053856,26.7,0.609547124,0.1199510403916768,0,0.01621787,0,52429,0.254436965,0.4984966927239928,1.4128440366972477,0.377,0.1394441735738664,0.6972228022551681,0.064145234,0.077702703,0.3959044368600682,3.15,0,0.8071625344352618,0.7610921501706485,0.012189176,0.54895341,0.2451046590141796,0.011015912,0.010765918,0.016974973
44007002000,13.49892009,0.3922786177105831,22,0.5695194384449244,0.1066414686825054,0,0.034962203,0.000944924,64079,0.3283420808891633,0.5862717442407146,0.165983607,0.4367,0.1785361028684471,0.6963145974881614,0.1271437019515079,0.031516937,0.2611275964391691,3.19,0.043695132,0.940902745,0.5736894164193868,0.036102868,0.4335135135135135,0.3048648648648648,0,0.034017279,0.011518771
44007002101,70.4721635,0.5200845665961945,40.7,0.3562367864693446,0.1560958421423537,0,0,0.036645525,87500,0.1677237491190979,0.4684873949579832,0.1451247165532879,0.5742,0.025764895,0.7539046010975095,0.020156775,0.1155595996360327,0.464573269,2.28,0,0.9220489977728286,0.2640901771336554,0,0.3814814814814815,0.3444444444444444,0.00286944,0.013742072,0.029222174
44007002200,31.70577045,0.5277425491439443,29.2,0.7449270767279645,0.1011414077362079,0,0.026791376,0,66487,0.2179032258064516,0.3575129533678756,0.5673469387755102,0.4524,0.1255014326647564,0.6011260285838025,0.089697406,0.01417004,0.1524355300859599,3.61,0.014334617,0.8574938574938575,0.6670487106017192,0.1673352435530086,0.3180112570356472,0.2429643527204502,0.028964634,0.090288797,0.007216015
44007002300,19.45525292,0.4910505836575875,37.7,0.1470817120622568,0.1414396887159533,0,0.030933852,0.007976654,93824,0.056144729,0.066666667,0.1118012422360248,0.4108,0.01778766,0.7212202182142062,0.062673665,0.1780225409836065,0.434130072,2.67,0.003785348,0.7024599765716517,0.4157865480822679,0,0.5868983957219251,0.2232620320855615,0.00513631,0.070940514,0.037491631
44007002500,59.17159763,0.6236686390532544,30.3,0.2257396449704142,0.1331360946745562,0,0.018934911,0,93914,0.2467455621301775,0.3717026378896882,0.5982404692082112,0.4115,0.015107496,0.714332784,0.009225092,0.3232538330494037,0.7762928529924462,1.86,0.00386349,0.8087406015037594,0.798954096,0,0.3439878234398782,0.1605783866057838,0.005346005,0.062721893,0.031064111
44007002600,70.00350018,0.5257262863143157,41.4,0.5306265313265663,0.093454673,0.003850193,0.03920196,0.003850193,46818,0.2754637731886594,0.3684879288437103,0.4093178036605657,0.5139,0.2093397745571658,0.5527900441589723,0.1074800290486565,0.084791386,0.4388083735909823,2.3,0.015457788,0.7961538461538461,0.748792271,0.016908213,0.3546511627906977,0.177906977,0.013933548,0.069653483,0.020508614
44007002700,61.79196704,0.4790937178166838,41.1,0.4582904222451081,0.2022657054582904,0,0.086096807,0.040164779,39820,0.2714255182731352,0.2811023622047244,0.5562913907284768,0.5181,0.1812345679012345,0.539177277,0.0835604,0.090363254,0.3866666666666666,2.31,0.010348071,0.8873794916739702,0.6681481481481482,0.038518519,0.487119438,0.1623731459797033,0.065911432,0.050319829,0.011441648
44007002801,90.49773756,0.363499246,34.8,0.4380090497737556,0.3052790346907994,0,0.043438914,0,48108,0.2633484162895927,0.3894616265750286,0.7288629737609329,0.4302,0.1639824304538799,0.7292651482595617,0.1838538597525044,0.092879257,0.5797950219619327,2.42,0.026214009,0.9375428963623884,0.5805270863836017,0.019765739,0.5072463768115942,0.2275362318840579,0,0.022926094,0.021719457
44007002900,80.86253369,0.4281671159029649,35.9,0.4024258760107816,0.085579515,0,0.083153639,0.009973046,52295,0.1886715566422168,0.386609071,0.2278860569715142,0.4675,0.119927536,0.6535739561217269,0.037899296,0.086241883,0.4463768115942029,2.68,0.004831752,0.8806636885768986,0.5692028985507246,0.07173913,0.5250338294993234,0.1197564276048714,0,0.046765499,0.023499638
44007003100,45.00450045,0.4975247524752475,34.5,0.080783078,0.052880288,0.001350135,0.1773177317731773,0.04410441,71563,0.1535653443660257,0.1759112519809825,0.1620648259303721,0.5796,0.088799643,0.5760085492920117,0.056586271,0.339369341,0.6122266845158412,1.82,0,0.9065533980582524,0.6916555109326193,0,0.3766504517025712,0.2341904100069492,0.003150315,0.056429232,0.067325675
44007003300,88.79023307,0.4839067702552719,42.5,0.045283019,0.05127636,0,0.035294118,0.024861265,124063,0.1162199630314232,0.2703777335984095,0.09021601,0.3997,0.005413386,0.6797252607479013,0.074850299,0.420873511,0.4586614173228346,2.1,0.003487793,0.9112107623318386,0.3562992125984252,0,0.3714710252600297,0.3046062407132243,0,0.024029575,0.034311158
44007003500,119.3554804,0.4364432066839069,38.3,0.053312115,0.037596976,0.018301174,0.1281082156355679,0.007161329,82778,0.1325833668139815,0.2863636363636364,0.050996016,0.4693,0.019490255,0.6289678368719781,0.028074866,0.5720070868134649,0.6562968515742129,1.85,0.003363464,0.9670170351576658,0.5914542728635682,0,0.6065891472868217,0.2306201550387596,0.021447184,0.014779309,0.035660901
44007003601,33.6813742,0.4893903671269787,22.2,0.1138430447962276,0.043448973,0.000336814,0.2637251599865274,0.000673627,60915,0.3434343434343434,0.3730650154798761,0.1234042553191489,0.526,0.017821782,0.5663058186738836,0.1762246117084826,0.391304348,0.8782178217821782,1.86,0.038565629,0.914855072,0.6821782178217822,0,0.7559808612440191,0.5933014354066986,0.035028629,0.027955541,0.032498307
44007003700,77.3993808,0.4458204334365325,29.2,0.085139319,0.023219814,0.004127967,0.1480908152734778,0,89508,0.2173800259403372,0.4379474940334129,0.1245674740484429,0.4354,0.016533333,0.696524064,0.026487524,0.4249572649572649,0.824,2.05,0.001336898,0.8640552995391705,0.6437333333333334,0.034133333,0.3987730061349693,0.1770376862401402,0.030295184,0.022568093,0.009893048
44007010200,51.75090564,0.4543729515266517,48.7,0.1573227531481801,0.1183370708987407,0.007590133,0.026220459,0.02173538,60502,0.1346902654867256,0.114323259,0.256900212,0.4796,0.037837838,0.6008041355542791,0.012109624,0.093526692,0.4415800415800416,2.36,0.013498099,0.8558718861209964,0.385031185,0,0.5419198055893074,0.2515188335358445,0,0.032838983,0.048723446
44007010300,25.1319427,0.5501382256848454,49,0.034430761,0.1000251319426991,0.000753958,0.041970344,0.040211108,54286,0.1502890173410404,0.1889632107023411,0.2860665844636251,0.527,0.086419753,0.644316547,0.035071942,0.08863496,0.5241769547325102,2.04,0.008283348,0.9552825552825552,0.4783950617283951,0,0.3253150057273768,0.2485681557846506,0,0.016902119,0.058633832
44007010400,30.01650908,0.4963229776377007,41.8,0.1134624043223773,0.049227075,0.00060033,0.053429386,0.01710941,57252,0.1165286721864458,0.4184210526315789,0.079154079,0.5364,0.07808,0.5207332265527674,0.072112098,0.1030781692993114,0.47584,2.09,0.001245773,0.9536161122978334,0.54144,0.00608,0.5370370370370371,0.2764550264550264,0.036967712,0.025026705,0.069142125
44007010501,57.03422053,0.4958174904942966,43.3,0.153041825,0.057414449,0.009315589,0.019581749,0.007604563,79536,0.1754627806222922,0.489337823,0.1455457967377666,0.399,0.021428571,0.6455172413793103,0.030982906,0.1202739726027397,0.2516483516483516,2.79,0.017041581,0.9068261086198306,0.3274725274725275,0.007142857,0.6245487364620939,0.1931407942238267,0,0.012976799,0.048135913
44007010502,18.83948757,0.5333458929917106,35.8,0.1629615674453655,0.078749058,0,0.048982668,0.024679729,90938,0.087463557,0.4444444444444444,0.053738318,0.3492,0.00667854,0.6823179111314704,0.012755958,0.1135427394438722,0.4336598397150489,2.29,0.023133303,0.957374254,0.5917186108637578,0,0.2317531978931527,0.088036117,0.038484428,0.005247813,0.071258341
44007010600,33.17299718,0.515176646,43.6,0.046110466,0.032343672,0.00199038,0.025543208,0.029358103,64633,0.1202521147785702,0.1282758620689655,0.2163958641063515,0.4477,0.012142857,0.6685242121445042,0.1123886174187985,0.1631764461953141,0.4725,2.15,0.018607328,0.91443501,0.3928571428571428,0.005714286,0.4526710402999063,0.2343017806935332,0,0.010615359,0.039242219
44007010701,48.23926676,0.4148576941630487,49.5,0.003859141,0.027496382,0,0,0.022190063,88347,0.090207429,0.2085561497326203,0.1294964028776978,0.413,0.028037383,0.7010928961748634,0.031620553,0.1295662100456621,0.4413291796469366,2.13,0.008081897,0.9658976930792376,0.2398753894080997,0,0.8942731277533039,0.5814977973568282,0,0.02676399,0.061867267
44007010702,23.1857176,0.486204498,43,0.020635289,0,0,0,0.028286575,109500,0.030141433,0.1076923076923077,0.053003534,0.3738,0.006307339,0.6766704416761042,0.066108787,0.1361974405850091,0.3394495412844037,2.47,0.004965517,0.9808773903262092,0.1186926605504587,0,0.4114583333333333,0.1927083333333333,0,0.011361002,0.065630397
44007010800,32.99785514,0.4474509156904801,32.5,0.6548424352417093,0.094208876,0,0,0.004289721,42406,0.2481715425531915,0.3127930341594105,0.4914893617021276,0.4595,0.06608536,0.6353226161638406,0.1008665511265164,0.022491787,0.328132171,2.74,0.00605013,0.8941321296676241,0.825608077,0.012849931,0.5556182947487295,0.1818181818181818,0.031613977,0.095578457,0.04199773
44007010900,54.09304003,0.5717634331049405,37.2,0.7354850342589253,0.045257843,0.001803101,0.001983411,0.009376127,51610,0.2177519701368726,0.5228571428571429,0.1149584487534626,0.3983,0.046734572,0.5057243505063849,0.080539835,0.014034122,0.2672258837627321,2.88,0,0.917032967,0.6201318154583583,0,0.4653961885656971,0.2557673019057171,0.024096386,0.1068021567814185,0.006479981
44007011000,30.60443764,0.5423106350420811,27.2,0.647742923,0.1241009946442234,0,0,0.024177506,43809,0.2667488064068997,0.4676674364896074,0.3274725274725275,0.3848,0.055791962,0.6310458867300538,0.087454962,0.006153846,0.2973995271867612,3.09,0.008833568,0.9053938356164384,0.6543735224586288,0.008983452,0.6838514025777104,0.312357847,0.021423106,0.081254782,0.011675676
44007011100,46.09356995,0.539294768,34.9,0.7607743719751094,0.035261581,0,0.005531228,0.050933395,46279,0.1267573173542291,0.3454545454545454,0.141025641,0.4166,0.012467192,0.6998769987699877,0.1357644991212653,0.025255973,0.2965879265091863,2.84,0,0.8718535469107551,0.7414698162729659,0.030183727,0.6290471785383904,0.2025901942645698,0,0.1306752707997234,0.015924602
44007011200,35.56820203,0.4382002489774141,40.1,0.1499199715454383,0.083763116,0,0,0.004623866,71301,0.06873654,0.5796344647519582,0.077267637,0.3735,0.088740059,0.6437556154537286,0.011863224,0.024016352,0.3763080786940142,2.33,0.018669009,0.9199075856757798,0.5751360401841775,0.027626622,0.4580549368968077,0.1529324424647364,0,0.079504666,0.022962113
44007011301,64.5994832,0.4588716623600344,41.1,0.067614126,0,0,0,0.008828596,111678,0.046511628,0.1435185185185185,0.075842697,0.3026,0.048697622,0.7875835189309577,0.020148462,0.083078803,0.2701019252548131,2.63,0.005997819,0.9164504411001556,0.2231030577576443,0,0.3959390862944162,0.1040609137055837,0,0.004091301,0.023262493
44007011302,21.40869193,0.5442089488332262,44.3,0.013701563,0.037893385,0,0.010704346,0,117456,0.032327125,0,0.092134831,0.3407,0.012589928,0.7280409731113956,0.054519873,0.085291558,0.1486810551558753,2.8,0.027728313,0.9928571428571428,0.043764988,0.007793765,0.3561643835616438,0.1232876712328767,0,0.007064868,0.058588549
44007011402,72.74490786,0.4822987390882638,45.1,0.009456838,0.012609117,0,0.051891368,0,159250,0.025404732,0.3431372549019608,0.038701623,0.3673,0.01709943,0.7326997326997327,0.024321038,0.2460032626427406,0.2330588980367321,2.54,0.001444669,0.9288235294117648,0.1437618746041798,0.003166561,0.3568281938325991,0.211453744,0.007309942,0,0.054601227
44007011403,50.20080321,0.4626004016064257,40.6,0.069277108,0.011044177,0,0.08998494,0,127949,0.06173308,0.2438524590163934,0.1424892703862661,0.3816,0.003244646,0.7114413075780089,0.028822055,0.1264584763212079,0.3014276443867618,2.57,0.005447585,0.9878205128205128,0.1674237508111616,0,0.8410852713178295,0.6065891472868217,0.004408616,0,0.047482473
44007011404,20.80732418,0.4729504785684561,50.1,0.021431544,0.041822722,0,0.03079484,0.00769871,139667,0.004993758,0,0.010443864,0.4514,0.030777538,0.6566125290023201,0.025630915,0.219386292,0.2748380129589632,2.58,0.009402795,0.990904227,0.1177105831533477,0,0.1201923076923077,0.1201923076923077,0,0.007716371,0.068441065
44007011500,105.1524711,0.4925642181162686,43.2,0.018476791,0.00135196,0.000300436,0.043863602,0.034249662,118542,0.063599877,0.3398058252427184,0.1025930101465614,0.4587,0.024641412,0.6447805237919587,0.054061785,0.1645880188100593,0.2945936005884516,2.37,0.002695418,0.9388812154696132,0.3630011033468187,0,0.4427558257345491,0.2056737588652482,0,0.031954307,0.0515622
44007011600,73.59434795,0.483809243,48.3,0.03503091,0.000147189,0,0.06093612,0.002502208,136451,0.04655274,0.015822785,0.097150259,0.454,0.014072848,0.6499722786915543,0.059246477,0.2419831223628692,0.2437913907284768,2.8,0.034084662,1,0.099751656,0.054635762,0.2545454545454545,0.090909091,0,0.016745702,0.064585366
44007011701,106.1120543,0.5044567062818336,42.8,0.070458404,0.01655348,0,0.043293718,0,82813,0.1109932088285229,0.4244741873804971,0.060455897,0.42,0.035825545,0.6677887105126877,0.064753781,0.1096396673852787,0.4418483904465213,2.44,0.002973241,0.963,0.3468328141225337,0,0.3657770800627943,0.1601255886970172,0,0.03565365,0.081583199
44007011800,27.2071827,0.4056590940008162,35.8,0.3244456536525643,0.038362128,0,0,0.00897837,74712,0.1074683716501156,0.4582278481012658,0.1223821989528795,0.3365,0.011224132,0.6544016506189821,0.051234892,0.085571757,0.3753069098561908,2.56,0,0.9332242225859247,0.39319537,0.012627148,0.4533600802407221,0.1444332998996991,0,0.016868453,0.022694524
44007011902,60.49606776,0.4539221617261544,51.9,0.099415205,0.044968744,0,0.038919137,0.028231498,100722,0.02097197,0,0.071038251,0.441,0,0.5885767355467844,0.01617357,0.1803991811668372,0.4547970479704797,2.29,0.01273306,0.9752586594691858,0.2255535055350553,0,0.4747899159663865,0.2079831932773109,0,0.018955435,0.033048027
44007012000,30.26634383,0.4812348668280872,39.5,0.1702481840193704,0.065223971,0,0.035562954,0,80625,0.092929293,0.033444816,0.118946474,0.3103,0.021276596,0.6648580213420149,0.093307943,0.1140297291793932,0.405015198,2.41,0.005572533,0.973732889,0.2545592705167173,0,0.475095785,0.3045977011494253,0,0.011499611,0.05058651
44007012102,25.47121752,0.4806418746816098,40.5,0.1551197147223637,0.068262863,0,0.00356597,0.004330107,80563,0.048799182,0.031413613,0.1096605744125326,0.3165,0.064436793,0.6781334131020041,0.032642258,0.1398692810457516,0.5169699950811608,1.92,0.015685114,0.9544600938967136,0.4131824889326119,0,0.3486682808716707,0.2082324455205811,0.001530612,0.004334523,0.081097749
44007012104,92.29349331,0.4455468389478542,47.1,0.1086755883710198,0.1926626672819566,0,0.066682049,0,98972,0.1234425473004153,0.2467289719626168,0.138388626,0.4515,0.056830031,0.662778367,0.035786905,0.057786767,0.3222106360792492,2.25,0.02359491,0.9448275862068966,0.4301355578727841,0,0.3784494086727989,0.2089356110381077,0,0.006289308,0.054794521
44007012200,76.55990813,0.4532346561184127,44.4,0.1856577772106673,0.019777976,0,0.003700396,0,130208,0.041818182,0.1273291925465838,0.033822591,0.3681,0.032836831,0.6057632398753894,0.031113397,0.1206332817071072,0.2772511848341232,2.55,0.031598513,0.985981308,0.1980365605958023,0.012863913,0.16,0.052727273,0,0,0.053167781
44007012300,30.07518797,0.5266165413533834,40.9,0.187969925,0.030676692,0,0.002105263,0.009172932,84683,0.1247739602169981,0.3079710144927536,0.1963882618510158,0.5552,0.04248927,0.6188464364437913,0.14306916,0.053610503,0.2845493562231759,2.84,0.017511857,0.8442028985507246,0.2437768240343347,0,0.3810408921933085,0.2044609665427509,0,0.020902256,0.075368342
44007012401,98.95391575,0.4042974271981905,40.9,0.1207237772123268,0.003534068,0,0.022335312,0.015267176,93654,0.061651747,0.1990632318501171,0.083577713,0.3798,0.015486726,0.6619405534677144,0.032258065,0.080246914,0.2839233038348082,2.54,0.020769493,0.9797687861271676,0.237094395,0.0070059,0.6656,0.2352,0.019445239,0.0166041,0.035155563
44007012500,37.63643207,0.4140007527286413,53,0.1236356793375988,0.079036507,0,0.003951825,0,62580,0.157007172,0.3259259259259259,0.141089109,0.4637,0.1127557683935568,0.5233687062542335,0.082398619,0.076524606,0.4257727470613844,2.24,0.003139013,0.946435929,0.45668263,0.016978668,0.4072494669509595,0.2707889125799573,0.014605463,0.018414421,0.071122149
44007012601,39.93610224,0.5005990415335463,20.7,0.099041534,0.029952077,0.000199681,0.063099042,0.001996805,130500,0.0165,0.1212121212121212,0.01994302,0.3599,0.023498695,0.5150995930606126,0.041580042,0.1789199739752765,0.283289817,2.57,0.004054631,0.9491945477075588,0.1214099216710182,0.027415144,0.3010752688172043,0.1397849462365591,0.016174121,0.013378594,0.020982046
44007012602,56.06952621,0.4694421082141856,46.2,0.029716849,0.000700869,0,0.027894589,0,93567,0.053793884,0.092105263,0.1036941023979261,0.4195,0.060908798,0.6818410885267933,0.1029810298102981,0.1773049645390071,0.4125040283596519,2.27,0.004461335,0.957420549,0.278440219,0,0.4622641509433962,0.1615566037735849,0,0.022225368,0.029845506
44007012701,19.45525292,0.4692607,52.9,0.025291829,0.012256809,0,0.005058366,0.000583658,115386,0.05883659,0.098113208,0.1108359133126935,0.4083,0.005684755,0.5366522036994748,0.032340426,0.1605913841447871,0.3116279069767442,2.33,0.013268465,0.9617296222664016,0.145219638,0,0.685823755,0.5057471264367817,0,0.004125054,0.069670228
44007012702,104.3187982,0.4854996870436052,47.8,0.068224494,0.021489672,0.000625913,0.00438139,0,93325,0.020724304,0.4545454545454545,0.031302876,0.4189,0.033617662,0.6159594985535197,0.042981073,0.1151222285389425,0.3547415955845459,2.39,0.041864891,0.9698296836982968,0.1128951329653788,0.005017561,0.3444976076555024,0.1626794258373205,0.002712289,0.023694695,0.08905186
44007012801,111.0864252,0.4801155298822483,47.7,0.029326816,0.008664741,0,0,0,107842,0.038942976,0.011904762,0.1288135593220339,0.4536,0.055301877,0.6411595716897363,0.041547862,0.076878779,0.471841705,2.18,0.016453382,0.9628724963361016,0.3642820903094875,0,0.445440957,0.1464872944693572,0,0.011590172,0.073309802
44007012803,109.2100473,0.5644339279213688,44.8,0.034765198,0.001820167,0,0.006188569,0.010556971,114037,0.070517493,0.3927648578811369,0.1284210526315789,0.4527,0,0.6890297202797203,0.013003489,0.1230691314256773,0.2645450024863252,2.7,0.026165858,0.9481376709099482,0.1178518150174042,0.004475385,0.2131147540983606,0.1147540983606557,0.001824152,0.012390671,0.072247706
44007012900,84.49514153,0.5035910435149978,38.7,0.1013941698352344,0.003379806,0.000211238,0.016899028,0.003591044,84754,0.1421831438987776,0.5067873303167421,0.1438735177865612,0.3972,0.021119324,0.6170106938572495,0.064860427,0.052446528,0.4023231256599788,2.46,0.006415001,0.915418076,0.3711721224920802,0,0.4577777777777778,0.3555555555555555,0.015727949,0.004114335,0.055082491
44007013001,24.93143854,0.5108451757666418,49.6,0.019446522,0.001495886,0,0.001994515,0,142778,0.0218509,0,0.025437202,0.3321,0.009090909,0.6957983193277311,0.058373591,0.1247746123332131,0.1409090909090909,2.93,0.001098901,0.9401709401709402,0.082575758,0,0,0,0,0.04184741,0.085999413
44007013002,26.67377967,0.5353427580688184,45.1,0.020405441,0.00480128,0,0.034142438,0.000133369,121602,0.046728972,0.1681159420289855,0.1004823151125401,0.3819,0.037300178,0.7312632092342709,0.067363273,0.08048433,0.2440497335701598,2.61,0.01364366,0.9439973172367538,0.1523978685612788,0.01598579,0.2506024096385542,0.2048192771084337,0.003910464,0.018691589,0.053395628
44007013101,99.86019573,0.4977032154983024,50,0.007389654,0.007789095,0,0.013181546,0.000998602,110995,0.036548832,0.054644809,0.1299385425812116,0.3314,0.042864894,0.5833333333333334,0.0362969,0.1144594237377742,0.214867065,2.72,0.02167327,0.9065420560747663,0.063483451,0.018990776,0.7752808988764045,0.550561798,0,0.007796881,0.1164856860809476
44007013102,138.3399209,0.5349802371541502,44.4,0.008300395,0,0,0,0,113516,0.020618557,0.038461538,0.089775561,0.3756,0,0.7341112214498511,0.013527224,0.1171145685997171,0.3500258131130614,2.59,0.015786877,0.8963442850532161,0.1321631388745482,0,0.3053097345132743,0,0,0.003172086,0.085291113
44007013201,81.88331627,0.4996929375639713,53.3,0.028045036,0,0,0,0.015148414,130166,0.047843943,0.6351931330472103,0.053685897,0.3721,0.068400771,0.6846492243574902,0.004744155,0.1421254801536491,0.2947976878612717,2.35,0.004553734,0.9615562760537286,0.117533719,0,0.3729508196721312,0.2131147540983606,0,0.011887682,0.079744439
44007013202,18.07664497,0.571945047,47.4,0.01934201,0.002169197,0,0.026572668,0.007772957,110156,0.051948052,0,0.1256505576208178,0.3483,0.028194634,0.6692796610169491,0.013928458,0.09864105,0.2582992269213279,2.51,0.012552301,0.9313850063532402,0.142337426,0,0.6724137931034483,0.3689655172413793,0.002223457,0.014461316,0.077475517
44007013300,111.5822361,0.4898460165141709,46.5,0.007364428,0.016291006,0,0.002454809,0,110782,0.039053783,0.1885714285714285,0.027972028,0.3389,0.044547872,0.6695402298850575,0.005852517,0.1895522388059701,0.206781915,2.98,0.025309917,0.9862295081967212,0.10106383,0,0.7407407407407407,0.4518518518518518,0,0.019415309,0.040340285
44007013400,26.88172043,0.4521505376344086,47.6,0.069892473,0.008870968,0,0.012903226,0,99964,0.068094454,0,0.066666667,0.471,0.047704234,0.6874008251348778,0.067867036,0.3004322766570605,0.4871794871794871,2.18,0.014281181,0.9311493614658524,0.3673225998807394,0,0.5672413793103448,0.3017241379310345,0.003234501,0.001638896,0.06457009
44007013500,83.91021607,0.4493392070484581,38.5,0.1843927,0.1248164464023494,0,0.079085379,0.007551919,71143,0.1352477999073645,0.094178082,0.3959131545338442,0.5118,0.069863014,0.6486222872470129,0.094360902,0.1891583452211127,0.5652968036529681,1.97,0.036955993,0.9464131374243734,0.4333333333333333,0,0.4773755656108597,0.2149321266968326,0.0168492,0.022655758,0.035441792
44007013600,62.38303182,0.4254522769806612,32.7,0.2897691827822832,0.047099189,0,0.1038677479725514,0.02900811,93029,0.034752661,0.1711711711711711,0.1233333333333333,0.3145,0.050666667,0.7722772277227723,0.042363434,0.130412634,0.2533333333333333,2.84,0,0.9138911454102356,0.3475555555555555,0,0.2837837837837837,0,0,0.047411104,0.032991529
44007013701,90.5387053,0.4674060660932548,36.9,0.1294703485740154,0.035310095,0,0.097102761,0,81971,0.2054483541430193,0.4154696132596685,0.279467681,0.4649,0.017472335,0.6923525977816696,0.049325464,0.067263088,0.3156668608037274,2.57,0.005524862,0.9586823003908432,0.419336051,0,0.6501457725947521,0.3134110787172011,0,0.021744054,0.008708709
44007013702,92.76437848,0.5034013605442177,35.7,0.2312925170068027,0.041125541,0,0.075139147,0.008658009,89222,0.1091417910447761,0.2735042735042735,0.155688623,0.3819,0.013209013,0.7898577161619846,0.1576492537313432,0.1336675020885547,0.4071484071484071,2.5,0,0.982442748,0.3286713286713286,0.013986014,0.4607329842931937,0.031413613,0.004444444,0.047619048,0.020681731
44007013800,18.08972504,0.4994573082489146,39.4,0.2556078147612156,0.020622287,0,0.039435601,0.003075253,83466,0.09804631,0.566420664,0.092250923,0.3667,0.033632287,0.7476264075954957,0.013290018,0.1132029930002413,0.395067265,2.48,0.012029746,0.9662045060658578,0.26367713,0.021973094,0.5255102040816326,0.2363945578231292,0,0.015195369,0.040711902
44007013900,65.12536633,0.456854445,47.7,0.028655161,0.039726473,0,0.1556496255291436,0,75104,0.063497232,0.071794872,0.1809954751131221,0.4466,0.006329114,0.5845849802371541,0.030425963,0.1479634247714048,0.5310126582278482,1.93,0.038272073,0.9949622166246852,0.3854430379746835,0,0.5943562610229277,0.255731922,0.017583849,0.008140671,0.077791213
44007014000,14.47596989,0.5445859872611465,38,0.1962941517081644,0.07209033,0.012304574,0.09119861,0.008396063,79096,0.084884914,0.3160621761658031,0.095381526,0.4252,0.027555911,0.6967256172299072,0.051754607,0.068758745,0.3558306709265175,2.75,0.002566735,0.983503535,0.2799520766773163,0.018370607,0.6117824773413897,0.3746223564954682,0,0.010740203,0.037016676
44007014100,44.91354143,0.5569279137660005,35,0.5196496743768246,0.00291938,0,0.1046485515382888,0,66726,0.1244105097686952,0.2292418772563177,0.4388254486133768,0.4055,0.033738938,0.678424456,0.1143847487001733,0.032163743,0.4065265486725664,2.46,0.011264433,0.9576271186440678,0.536504425,0,0.4281045751633986,0.1525054466230936,0,0.069391422,0.019498607
44007014300,41.55412425,0.4602119260336588,44.9,0.1173904009972989,0.046125078,0,0.041969665,0,104510,0.038388924,0,0.097449909,0.3964,0.02194211,0.6266774020397209,0.1027837259100642,0.2418845159436943,0.4827264239028945,2.25,0.0232,1,0.3043884220354808,0.008870215,0.5305164319248826,0.4115805946791862,0,0.028672346,0.040526033
44007014400,55.89714925,0.4583566238121855,48.9,0.031861375,0.021240917,0,0.011738401,0,107857,0.04854643,0.2034883720930232,0.067426401,0.3783,0.00799508,0.591726009,0.03633218,0.2095786820309686,0.4366543665436654,2.17,0.059061762,0.9719067543335326,0.2109471094710947,0,0.6231884057971014,0.3985507246376811,0,0.004494382,0.070887818
44007014501,44.05286344,0.5026431718061674,45.8,0.012114537,0.012334802,0,0.028854626,0,169491,0.057929515,0.3193916349809886,0.1046643913538111,0.366,0.005263158,0.7507339204697091,0.030572343,0.2506573181419807,0.1309941520467836,2.64,0.008192389,0.9799426934097422,0.005263158,0.004678363,1,0,0,0.002422907,0.051785228
44007014502,22.51745102,0.5019139833370863,48,0.049988741,0.050889439,0.001801396,0.045034902,0,77857,0.1119117315919837,0.032193159,0.2202072538860103,0.4545,0.027624309,0.6710794297352343,0.024658574,0.1532684283727399,0.5561694290976059,2.04,0.020984262,0.9692101740294512,0.3360957642725598,0.005064457,0.2722143864598025,0.1819464033850493,0.002483631,0.1017788786309389,0.028421053
44007014600,13.55932203,0.504135593,40.8,0.040542373,0.00040678,0,0.1225762711864406,0,128577,0.041649653,0.2091503267973856,0.1546558704453441,0.3939,0,0.659705981,0.021524437,0.1811886901327178,0.1327683615819209,2.95,0.026075403,0.959721146,0.1081517352703793,0.004842615,0.22007722,0.042471042,0,0.014155438,0.046291516
44007014700,47.14201532,0.4651738361814967,34.2,0.3302298173246906,0.1284619917501473,0,0.089216264,0,53720,0.1092516205067766,0.1887810140237324,0.2188771358828315,0.4214,0.08550065,0.6551401869158878,0.10128388,0.070814273,0.3566319895968791,2.74,0.010912398,0.95350279,0.5747724317295189,0.005526658,0.5554238292827505,0.1339656194427978,0.002952291,0.041367118,0.015522107
44007014800,36.98908822,0.4603292028851489,39.9,0.089513593,0.026632144,0,0.072498613,0,101577,0.048457316,0.05078125,0.1763085399449036,0.3415,0,0.7102348249889233,0.020898316,0.1510982379917934,0.423172757,2.19,0.054661671,0.9760843129306852,0.3492524916943522,0.013289037,0.3733650416171225,0.09274673,0.010238273,0.027032136,0.045464726
44007015000,21.96836555,0.5259226713532513,37.8,0.2205623901581722,0.1625659050966608,0.003734622,0.013620387,0.028998243,92032,0.065246046,0.2289562289562289,0.1935483870967742,0.3101,0.038116592,0.7831457589898435,0.038054968,0.093632959,0.2976457399103139,2.55,0.030743892,0.9281997918834548,0.1933856502242152,0.012892377,0.2144927536231884,0.08115942,0.013035793,0.016971567,0.016283803
44007015100,22.74277917,0.4682738230611781,30.8,0.3584261996816011,0.1992267455083011,0,0.0040937,0.01137139,39167,0.1614737320900614,0.1971830985915492,0.4650283553875236,0.4569,0.091319053,0.6883194278903456,0.029437229,0.029590018,0.4932356257046223,2.48,0.004424779,0.9517167381974247,0.7908680947012401,0.002254791,0.6008869179600886,0.311160384,0.004196782,0.008187401,0.013998783
44007015200,34.04834866,0.6278515491998639,49.5,0.3575076608784474,0.1164453524004085,0.01566224,0.023152877,0.035750766,16448,0.3629528366370471,0.2222222222222222,0.5321637426900585,0.5577,0.094361335,0.416015625,0.074178404,0.025764192,0.7502876869965478,1.61,0.017281106,0.9319034852546916,0.8406214039125431,0.00863061,0.4563380281690141,0.1401408450704225,0,0.003064351,0.084375
44007015300,81.46639511,0.4729124236252546,30.8,0.5295315682281059,0.090835031,0,0,0.043177189,42577,0.2048879837067209,0.6023856858846919,0.2392857142857143,0.4316,0.050941307,0.6327513546056592,0.1084681255946717,0.019693654,0.4075304540420819,2.72,0,0.869942197,0.8172757475083057,0,0.5806916426512968,0.2838616714697406,0,0.047250509,0.000687285
44007015500,40.22526146,0.4831053901850362,36.4,0.25,0.2256637168141592,0,0.00543041,0.040024135,84489,0.1454143201930812,0.3540802213001383,0.3285714285714285,0.3586,0.055874674,0.787765293,0.078605388,0.06321359,0.2835509138381201,2.59,0.007854688,0.9948051948051948,0.44386423,0.002088773,0.4301075268817204,0.1911589008363202,0,0.013475463,0.029896907
44007015800,51.45356316,0.533830718,37.4,0.1759711860046308,0.060715205,0,0.013892462,0.075894006,99583,0.055122345,0.4390243902439024,0.068181818,0.4706,0.007560137,0.7340193327096975,0.020390824,0.072088068,0.3814432989690721,2.66,0.048017348,0.8786231884057971,0.2666666666666666,0.021993127,0.3949579831932773,0.3165266106442577,0,0.035760226,0.077305906
44007015900,30.84515731,0.4438618136952498,37.2,0.1906230721776681,0.1076495990129549,0,0.025293029,0.013263418,65805,0.1061590838749613,0.4285714285714285,0.06984127,0.3657,0.017730496,0.7381555153707052,0.04899559,0.04989339,0.3702127659574468,2.3,0,0.9149902660609992,0.5765957446808511,0,0.2378580323785803,0.1706102117061021,0.003719777,0.019432449,0.012888552
44007016000,110.9570042,0.6224687933425798,34.6,0.2732316227461858,0.2305131761442441,0,0,0.012760055,73831,0.1292649098474341,0.3648068669527897,0.1789667896678966,0.4354,0.072830906,0.6205980066445183,0.07012848,0.099051233,0.4578847371754275,2.28,0.006778567,0.901255708,0.8030398986700443,0.007599747,0.2997582594681708,0.1837228041901692,0.001386963,0.014424411,0.012358049
44007016100,124.6105919,0.4471443406022845,33,0.2782969885773624,0.1983385254413291,0.000415369,0.011007269,0.076012461,60859,0.2371754932502596,0.4833625218914185,0.1772151898734177,0.4272,0.037348764,0.7127631920977385,0.049598833,0.093037037,0.4055760126249342,2.52,0.007228315,0.8788719371243643,0.7448711204629143,0,0.4549418604651162,0.2638081395348837,0.00614537,0.053582555,0.021374459
44007016300,37.41114852,0.4425738870183314,48,0.1316872427983539,0.1455293677515899,0.014590348,0.009352787,0.010475122,77450,0.075393848,0.1990049751243781,0.097328244,0.3898,0.033187773,0.6877263581488934,0.069046226,0.098098098,0.3685589519650655,2.33,0.014084507,0.977796755,0.1554585152838428,0,0.1696969696969697,0.103030303,0,0.010475122,0.030327869
44007016400,20.08838891,0.4218561671353957,31.7,0.3388911209321012,0.1321815990357573,0,0,0.095218963,43406,0.2425592225146791,0.4866444073455759,0.3610586011342155,0.444,0.083926755,0.735574378,0.1216264843468873,0.055245372,0.3997965412004069,2.49,0.008219882,0.9178338001867412,0.7334689725330621,0.000508647,0.7304714989444053,0.366643209,0.009451036,0.035027333,0.015053763
44007016500,50.27652086,0.5349421820010055,41.9,0.051282051,0,0.002765209,0.027149321,0,103519,0.093765711,0.131367292,0.173104435,0.4987,0.044492675,0.7409512413999402,0.08033912,0.3619171829149005,0.5084102007596311,2.16,0.002380952,0.963408259,0.3803581117742811,0,0.4126506024096386,0.2274096385542168,0.004827236,0.011060835,0.037548813
44007016600,47.75549188,0.443170965,41.5,0.2946513849092645,0.2354345749761222,0.00191022,0.029608405,0.011938873,93889,0.1484098939929328,0.3401360544217687,0.2196969696969697,0.3186,0.078341014,0.7423631123919309,0.086180124,0.136516476,0.238479263,2.26,0.003458213,0.9559471365638766,0.6762672811059908,0,0.1890971039182283,0.093696763,0,0.015648662,0.024604569
44007016700,52.61773218,0.4732965009208103,32.4,0.372533544,0.14732965,0.003157064,0.006314128,0.053670087,49529,0.1676869842959808,0.3619047619047619,0.2872628726287263,0.4419,0.091370558,0.7424028268551237,0.1446930033317467,0.082461281,0.4086294416243655,2.39,0.004946996,0.9807093963907902,0.7036802030456852,0,0.5761947700631199,0.2777276825969342,0.053233963,0.071033938,0.026478056
44007016800,89.5789788,0.4174380412063302,41.8,0.048074052,0.036428785,0,0.009853688,0.004478949,90776,0.083459788,0.1163636363636363,0.2376543209876543,0.3266,0.025121556,0.6962305986696231,0.037960954,0.064555921,0.3427876823338736,2.71,0.017448201,0.946319018,0.2406807131280389,0.007293355,0.3265993265993266,0.3265993265993266,0,0.023874282,0.066255778
44007016900,51.8134715,0.5347150259067357,40.7,0.1170984455958549,0.023316062,0,0.006217617,0.035751295,107784,0.008826584,0,0,0.3026,0.1074285714285714,0.7623762376237624,0.025162338,0.1105228325612177,0.3462857142857143,2.2,0.009846154,0.9408602150537636,0.2148571428571428,0,0.1530054644808743,0.1202185792349726,0.003661088,0.03219107,0.096020215
44007017000,68.77579092,0.4988537368179734,40.5,0.2776249426868409,0.048372306,0,0.051352591,0.001834021,73406,0.075910693,0.027863777,0.1,0.4041,0.030451332,0.6292709174065106,0.03277972,0.03048416,0.401305057,2.31,0.004951785,0.9273827534039334,0.3969548667754214,0.012506797,0.4930555555555556,0.3430555555555555,0,0.026097272,0.044101433
44007017100,63.23777403,0.5149662731871838,42,0.2622259696458685,0.062605396,0.006323777,0.020236088,0,82266,0.1332058636073932,0.4529505582137161,0.3308687615526802,0.3778,0.016657711,0.7411609498680739,0.076895692,0.036643026,0.3095110155830198,2.51,0.004738155,0.8619731357109773,0.4099946265448683,0.012896292,0.3162162162162162,0.1445945945945946,0.018549747,0.025918844,0.071293033
44007017300,54.8696845,0.5314128943758574,32.5,0.3086419753086419,0.013717421,0,0.030727023,0.01399177,81250,0.1790755604760587,0.5425038639876353,0.1796875,0.3735,0.089187056,0.6648458837300039,0.051056338,0.071428571,0.3425414364640884,2.87,0.003484321,0.8319107025607354,0.6692975532754538,0.004735596,0.2214022140221402,0.1205412054120541,0,0.042249657,0.089068826
44007017400,51.69294391,0.4833290255880072,33.6,0.3416903592659602,0.089170328,0,0.058413027,0.001550788,48040,0.2833642876094455,0.4138576779026217,0.2973523421588595,0.397,0.1482428115015974,0.6443457464981209,0.092788971,0.005838848,0.3412140575079872,2.4,0.023054755,0.8641634456101601,0.612779553,0.008945687,0.5742574257425742,0.1595159515951595,0.032224532,0.023588656,0.029645698
44007017500,142.1262081,0.4681637293916998,36.5,0.1736782262649232,0.039795338,0.000284252,0.099204093,0.013928368,70160,0.1725412166003411,0.3163097199341021,0.1684782608695652,0.3753,0.1619402985074627,0.6408624955814776,0.081632653,0.031027254,0.3738805970149254,2.61,0.005252101,0.923501034,0.5201492537313432,0,0.6378787878787879,0.3348484848484848,0,0.0352473,0.024472892
44007017600,69.10850035,0.4968901174844506,32.6,0.3959917069799585,0.1205943331029716,0,0.034208708,0,50263,0.2061677061677061,0.4521008403361344,0.2009345794392523,0.3963,0.1146788990825688,0.5751693002257336,0.021193093,0.014016173,0.4495412844036697,2.57,0.012053571,0.9175084175084176,0.8247706422018348,0,0.5288788221970555,0.3238958097395243,0.015608741,0.017277125,0.057855127
44007017700,58.25808331,0.5790853480920478,47.5,0.1019516457908534,0.079813574,0.008156132,0.009903874,0,83763,0.049810661,0.1345029239766081,0.090296496,0.3581,0.010295127,0.6501537410317731,0.1565948502364687,0.070175439,0.3280713795470144,2.34,0.024341447,0.9094881398252184,0.2862045298558682,0,0.2307692307692307,0.1405835543766578,0,0.04194582,0.1313307719175689
44007017900,31.96930946,0.3801150895140665,36.7,0.2870843989769821,0.079923274,0.001278772,0.009590793,0.047314578,34375,0.3193734015345268,0.3343343343343343,0.4629629629629629,0.5043,0.051539012,0.5970695970695971,0.2324471710974778,0.041629761,0.4917680744452398,2.22,0,0.8310529446757883,0.8282032927702219,0,0.5187119234116623,0.2967798085291558,0,0.039961637,0.065343259
44007018000,34.31708991,0.4677419354838709,41.8,0.3105696636925188,0.066918325,0.001372684,0.098833219,0,28902,0.275223061,0.3379052369077306,0.335042735,0.5145,0.1937452326468344,0.4822521419828641,0.08037225,0.089957163,0.6407322654462243,2.2,0.025703794,0.9104166666666668,0.8825324180015256,0,0.5194468452895419,0.2316335350043215,0,0.027796843,0.057684384
44007018100,134.4989913,0.5608607935440484,32.5,0.3291862811028917,0.1318090114324142,0,0.094149294,0.003698722,46202,0.3007184399589463,0.6734926052332195,0.3424657534246575,0.3963,0.1409282700421941,0.6782997762863535,0.060384871,0.039377735,0.5637130801687764,2.51,0.004886717,0.8562138728323699,0.7856540084388186,0.053164557,0.6002227171492205,0.3585746102449889,0.007284079,0.1524451939291737,0.040769583
44007018200,30.54367746,0.5479535736102626,30.8,0.1884544899205864,0.063530849,0.014050092,0.1765424557116676,0.005803299,89223,0.1333128078817734,0.581986143,0.1714285714285714,0.391,0.1652035115722266,0.7132895816242822,0.051753882,0.143121816,0.2705506783719074,2.61,0.007383101,0.9247232472324723,0.6480446927374302,0,0.2230483271375464,0.09913259,0.003455859,0.026878436,0.024948025
44007018400,63.33122229,0.4911336288790374,41,0.2517416086130462,0.029765674,0,0.088663711,0,61220,0.2026260333927703,0.392,0.3046944198405669,0.4853,0.034157833,0.6310003664345915,0.041231127,0.095920139,0.3274440518256772,2.41,0.013466788,0.948956781,0.4617196702002356,0,0.2850510677808728,0.2414113277623027,0.003524511,0.006484033,0.063322525
44007018500,72.59528131,0.4620689655172413,48.7,0.1557168784029038,0.004718693,0,0.1234119782214156,0.002903811,74783,0.074376947,0.3298429319371728,0.091580502,0.435,0.01910299,0.639275179,0.047462096,0.037361624,0.4186046511627907,2.17,0.001683502,0.9764801297648013,0.2931893687707641,0.003322259,0.6317280453257791,0.2804532577903683,0.005198663,0,0.077452668
44009050102,41.73622705,0.5125208681135225,48.3,0.013772955,0,0.012520868,0.004590985,0,144492,0.032971619,0.4050632911392405,0.059392265,0.4102,0.005741627,0.6406327236777064,0.034722222,0.2938230383973289,0.3569377990430622,2.28,0.007677543,0.9055459272097054,0.2105263157894736,0,0.5047619047619047,0.238095238,0,0,0.058051489
44009050103,91.42439203,0.4340830133479612,40.3,0.039678186,0.00457122,0,0.07368806,0,91445,0.1618211738891936,0.2734463276836158,0.1992409867172675,0.4695,0.040423121,0.6624296728485101,0.064171123,0.125494071,0.432565168,2.06,0.008499171,0.956286127,0.4975443898753305,0,0.4940047961630695,0.1958433253397282,0,0.018833425,0.080086114
44009050104,79.8509449,0.5456481235027948,45.7,0.047378227,0.021027415,0,0.071067341,0,139028,0.037187839,0.1532846715328467,0.061002179,0.3634,0.016346837,0.6157289002557544,0.015564202,0.2351005484460694,0.2359630419331911,2.62,0.021936697,0.9112694300518136,0.051172708,0,0.4722222222222222,0.375,0.005642128,0.008996345,0.067486819
44009050301,38.86513797,0.4753206373882627,47.2,0.017294986,0,0,0.005246794,0.001748931,101500,0.036154152,0.2582417582417582,0.099315068,0.3903,0.026740666,0.7388505747126437,0.0403125,0.1841966173361522,0.2991927346115035,2.52,0.005612932,0.9515122419587134,0.2341069626639758,0.010090817,0.2391799544419134,0.1526195899772209,0,0,0.096887433
44009050302,64.37077567,0.4531702607016414,43.8,0.068554876,0.034438365,0,0,0,107778,0.1230670103092783,0.4790575916230366,0.092757306,0.4883,0.03701016,0.6277456647398844,0.030883261,0.2188879082082965,0.4187227866473149,2.25,0.005251313,0.9913669064748202,0.3838896952104499,0,0.3747228381374722,0.106430155,0,0.01549887,0.075531078
44009050401,38.62495172,0.4831981460023175,40.5,0.02838934,0,0,0.012939359,0,150938,0.003089996,0,0.008206331,0.3339,0.005847953,0.6667444029850746,0.018329221,0.2608029420778425,0.2333333333333333,3.03,0.008953168,0.9505280711506392,0.099415205,0,0.2824427480916031,0.06870229,0.001552192,0,0.070794215
44009050402,74.54342154,0.540439806,53.4,0,0.009690645,0,0.021617592,0,130029,0.049198658,0.1515151515151515,0.099310345,0.435,0.01283148,0.6301131418624891,0.041436464,0.3098524512137077,0.360136869,2.26,0.024096386,0.7721268163804491,0.1796407185628742,0.018819504,0.25,0.1127450980392156,0,0.011181513,0.084272195
44009050500,112.6760563,0.5471830985915493,38.2,0.051408451,0.017887324,0.001549296,0.006478873,0,99236,0.1039182282793867,0.3265027322404371,0.059288538,0.4015,0.03676785,0.6676320272572402,0.053188743,0.1950064571674558,0.3356135100470286,2.82,0.011655405,0.9697346600331676,0.1782813168020521,0,0.9212328767123288,0.058219178,0.000715512,0.00499002,0.061348627
44009050600,74.01011472,0.5048723325521155,42,0.036388306,0.001603552,0,0,0,118924,0.022727273,0,0.025182778,0.3592,0.02529511,0.7708621484555095,0.00919816,0.2389815627743634,0.2741989881956155,2.71,0.012379227,0.9075604530149984,0.050590219,0,0,0,0.005240175,0.00210344,0.053820279
44009050801,68.15471119,0.4842392230362924,42.9,0.037655478,0.018060998,0.000170387,0.048219458,0.001874255,60032,0.1160201774221603,0.2593703148425787,0.256627784,0.4392,0.023656641,0.7092171230235249,0.046764546,0.1140271493212669,0.5910780669144982,1.93,0.023651845,0.9004869141813755,0.4629942548158161,0,0.5755071374906086,0.1788129226145755,0.001533481,0.024004175,0.054231228
44009050902,117.2562048,0.5092827828805941,55.2,0.012702756,0.008403361,0,0.004299394,0.00195427,124527,0.041157936,0.4497607655502392,0.030598958,0.3405,0.011633543,0.6308954203691046,0.078365204,0.2539360081259522,0.2108579738245274,2.45,0.008380521,0.8275170477336542,0.116335434,0,0.575,0.4625,0,0.003818328,0.047144593
44009051000,104.9868766,0.5055118110236221,60.9,0.006299213,0,0,0.025721785,0.008923885,137802,0.090085288,0.3254437869822485,0.035066505,0.5906,0.007391763,0.488558352,0.036299766,0.3074918566775244,0.3801478352692714,1.98,0.016505407,0.3591202123625331,0.116156283,0,0.8809523809523809,0.4047619047619047,0,0.001599147,0.061153174
44009051102,97.30781706,0.5034057735971457,54.5,0.011352579,0.01621797,0,0,0.004541031,88250,0.060006487,0.3783783783783784,0.044698545,0.513,0.036637931,0.5518382352941177,0.04155496,0.1444356748224151,0.3484195402298851,2.2,0.024264706,0.6253369272237197,0.1767241379310344,0,0.7154471544715447,0.4796747967479675,0,0.038061158,0.085960961
44009051201,19.29756851,0.4882284832111154,38,0.042840602,0.084716326,0.010227711,0.040524894,0,123646,0.094170404,0.505175983,0.071888412,0.3899,0.047968674,0.6873836126629422,0.043150685,0.2590785907859078,0.3059226627508566,2.49,0.006487488,0.985053038,0.2207537934410181,0.006363191,0.6938202247191011,0.5421348314606742,0.004631416,0.010989011,0.052657005
44009051202,21.43622722,0.4664523043944266,42.7,0.032368703,0.000857449,0.021221865,0.00278671,0,69708,0.056806002,0.2226415094339622,0.030141844,0.4832,0.004901961,0.6392931392931392,0.074796748,0.2546322290847838,0.4340463458110516,2.08,0.02300336,0.9092382495948136,0.4710338680926916,0,0.3955461293743372,0.1792152704135737,0,0.005787781,0.079692878
44009051302,100.477267,0.4451142928912333,62,0.024868124,0,0.001507159,0,0,111125,0.074855564,0.3724832214765101,0.045540797,0.4144,0.004766949,0.526989427,0.067053854,0.2636946386946387,0.3336864406779661,2.1,0.008544653,0.5060305548110426,0.065677966,0.011652542,0.1046511627906976,0,0.002272153,0.007033409,0.061783618
44009051304,47.08097928,0.5164783427495292,58.3,0.02354049,0.004237288,0,0,0,116944,0.026365348,0,0.043981481,0.402,0.006550218,0.516622691,0.02247191,0.2382608695652174,0.2740174672489083,2.31,0.023510972,0.9346938775510204,0.042576419,0.004366812,0.2058823529411764,0,0,0.006591337,0.099252935
44009051305,67.38544474,0.5415543575920935,45.9,0.041554358,0.022461815,0,0.020889488,0.001123091,102733,0.069234296,0.1920529801324503,0.108433735,0.49,0.009209101,0.6239524195728575,0.078912758,0.2533499532564662,0.3894907908992416,2.36,0.027836691,0.8866474543707973,0.2903575297941495,0.000541712,0.6323529411764706,0.3697478991596639,0,0.024994267,0.056514477
44009051306,32.4780773,0.5006495615459565,41.2,0.048879506,0.001299123,0.00016239,0.1001948684637869,0,120607,0.090549885,0.249090909,0.016030534,0.4166,0.020355132,0.6566097657800715,0.081015719,0.4049222196424425,0.22044175,2.62,0.011509949,0.9525577557755776,0.2013858813339107,0,0.4754601226993865,0.4171779141104294,0.018883415,0.016463615,0.055453243
44009051502,31.04625893,0.4678671220117976,40,0.047500776,0,0,0.00714064,0,111250,0.072337783,0.572961373,0.073529412,0.4072,0.014517506,0.6224794622852875,0.017696461,0.2748847926267281,0.3573868488471391,2.75,0.005787665,0.6800232288037166,0.1485909479077711,0,0.6878787878787879,0.4090909090909091,0,0.007606333,0.029748284
44009051503,120.4819277,0.4506024096385542,57,0.057228916,0.002409639,0.003313253,0.002108434,0,83194,0.2050970873786407,0.1316568047337278,0.1635467980295566,0.4932,0.01013715,0.5884021430822566,0.072844135,0.3416965352449223,0.5229576624925462,1.92,0.013819095,0.6278547360539124,0.4054859868813357,0,0.6422487223168655,0.4616695059625213,0.003928679,0.00940534,0.035008104
44009051504,62.78777731,0.4349100041858518,41.2,0.020092089,0.006697363,0.000418585,0,0,68403,0.3147760569275847,0.3085106382978723,0.017200938,0.5102,0.00481232,0.4793513513513514,0.051420839,0.2522457779374775,0.5615976900866217,2.29,0.004756757,0.5937142857142857,0.3575553416746872,0.006737247,0.8043087971274686,0.7594254937163375,0,0.016534115,0.027460457
