var1,var2,n_pairwise,phi,chi2,p_value,table_00,table_01,table_10,table_11,abs_phi
HistoryMentalIllnessTreatmnt_c,MentalIllnessTreatmentCurrnt_c,1200,0.8603981668931618,884.8436824377313,1.9348755359694013e-194,491,0,89,620,0.8603981668931618
MentalHealthProblem_c,HistoryMentalIllnessTreatmnt_c,1200,0.7905580059141654,746.6749725549535,2.1202368726339413e-164,415,45,76,664,0.7905580059141654
MentalHealthProblem_c,MentalIllnessTreatmentCurrnt_c,1200,0.7842950785069842,734.9180248585385,7.635021113404529e-162,451,9,129,611,0.7842950785069842
subclass_cod_benzo,subclass_cod_op,1200,0.4869260144862801,275.89251469088174,5.898092916446145e-62,1094,34,35,37,0.4869260144862801
subclass_cod_antid,subclass_cod_benzo,1200,0.41370522020914013,199.18348147692205,3.1478664145975725e-45,1065,33,63,39,0.41370522020914013
AlcoholProblem_c,AlcoholUseSuspected,1163,0.33043034172095065,124.72683584917178,5.84059437130312e-29,836,83,151,93,0.33043034172095065
HistoryMentalIllnessTreatmnt_c,SuicideAttemptHistory_c,1200,0.32577262568242427,125.76321871308537,3.4644963496314907e-29,462,29,472,237,0.32577262568242427
IntimatePartnerProblem_c,Argument_c,1200,0.3121285473579531,114.68101440643163,9.243164053043119e-27,857,61,195,87,0.3121285473579531
MentalHealthProblem_c,SuicideAttemptHistory_c,1200,0.3093430866406821,113.30511136566633,1.8499974587638232e-26,433,27,501,239,0.3093430866406821
MentalIllnessTreatmentCurrnt_c,SuicideAttemptHistory_c,1200,0.3073950633141755,111.91397281149509,3.731556030291519e-26,528,52,406,214,0.3073950633141755
JobProblem_c,FinancialProblem_c,1200,0.299878976647094,104.11788464566624,1.906296884727747e-24,1030,55,78,37,0.299878976647094
AnyCrisis_c,IntimatePartnerProblem_c,1200,0.28368311465474544,95.03237071030145,1.8729734643837674e-22,751,149,167,133,0.28368311465474544
subclass_cod_antid,subclass_cod_op,1200,0.2528559393835249,72.92857903932327,1.3442744108729457e-17,1053,45,76,26,0.2528559393835249
dap,Military,1179,0.23587202896636011,64.19359003230251,1.127750652231529e-15,503,22,522,132,0.23587202896636011
HistoryMentalIllnessTreatmnt_c,SuicideThoughtHistory_c,1200,0.2296265362773926,62.18904360202919,3.120190669050926e-15,430,61,479,230,0.2296265362773926
SuicideThoughtHistory_c,SuicideAttemptHistory_c,1200,0.22232405014846135,58.071315052392485,2.527855677089245e-14,755,154,179,112,0.22232405014846135
SuicideThoughtHistory_c,SuicideIntentDisclosed_c,1200,0.21664450575681102,54.98158077900453,1.2166467862174264e-13,797,112,200,91,0.21664450575681102
AlcoholProblem_c,SubstanceAbuseOther_c,1200,0.21102365045395513,52.042010931109736,5.432580896270402e-13,832,116,173,79,0.21102365045395513
MentalHealthProblem_c,SuicideThoughtHistory_c,1200,0.21015065821497692,51.99227035015276,5.571954568989794e-13,401,59,508,232,0.21015065821497692
AlcoholUseSuspected,Argument_c,1163,0.18863473607218928,39.786196327735176,2.8334055115399145e-10,893,94,129,47,0.18863473607218928
MentalIllnessTreatmentCurrnt_c,SuicideThoughtHistory_c,1200,0.18150751731982456,38.69105693180008,4.96478604228205e-10,486,94,423,197,0.18150751731982456
MentalHealthProblem_c,dap,1200,-0.18130704910139306,38.700557722179404,4.94067863646098e-10,154,306,385,355,0.18130704910139306
SubstanceAbuseOther_c,subclass_cod_op,1200,0.17676459091085786,35.491498534149024,2.561661787956556e-09,964,41,165,30,0.17676459091085786
AnyCrisis_c,RecentCriminalLegalProblem_c,1200,0.17660431427533918,35.578947368421055,2.4492024372087765e-09,875,25,265,35,0.17660431427533918
MentalIllnessTreatmentCurrnt_c,subclass_cod_antid,1200,0.175201479362158,35.588240657411035,2.4375457336108364e-09,560,20,538,82,0.175201479362158
HistoryMentalIllnessTreatmnt_c,dap,1200,-0.17221249883891823,34.88790194073456,3.492442153580164e-09,170,321,369,340,0.17221249883891823
dap,SuicideAttemptHistory_c,1200,-0.16747371527533744,32.85122760895962,9.948822700713476e-09,378,161,556,105,0.16747371527533744
SuicideAttemptHistory_c,SubstanceAbuseOther_c,1200,0.16736502805836112,32.52990955546587,1.1737220097030638e-08,813,121,192,74,0.16736502805836112
MentalHealthProblem_c,subclass_cod_antid,1200,0.16655378447314667,32.07118065195296,1.4862581065007933e-08,448,12,650,90,0.16655378447314667
dap,PhysicalHealthProblem_c,1200,0.16524343225040253,31.844793916476206,1.669966747856665e-08,493,46,526,135,0.16524343225040253
dap,subclass_cod_antid,1200,-0.16331054010139834,30.83794403020638,2.804993046272653e-08,466,73,632,29,0.16331054010139834
dap,MentalIllnessTreatmentCurrnt_c,1200,-0.16265493604571632,31.096953640720884,2.4545631509116474e-08,212,327,368,293,0.16265493604571632
MentalHealthProblem_c,AlcoholProblem_c,1200,0.1624311563065455,30.845744714759576,2.7937404822161562e-08,402,58,546,194,0.1624311563065455
HistoryMentalIllnessTreatmnt_c,SubstanceAbuseOther_c,1200,0.15982336312319165,29.777413993747977,4.846049263413791e-08,446,45,559,150,0.15982336312319165
dap,FinancialProblem_c,1200,0.15945686137531154,29.318795480030246,6.139727088290063e-08,523,16,585,76,0.15945686137531154
HistoryMentalIllnessTreatmnt_c,subclass_cod_antid,1200,0.15640127856139066,28.2241009689426,1.0805074776387366e-07,475,16,623,86,0.15640127856139066
PhysicalHealthProblem_c,Military,1179,0.1529042297496555,26.31188429799532,2.904956167279828e-07,892,109,133,45,0.1529042297496555
AnyCrisis_c,Argument_c,1200,0.15217173221065974,26.729010379200492,2.3408062301998302e-07,815,85,237,63,0.15217173221065974
IntimatePartnerProblem_c,PhysicalHealthProblem_c,1200,-0.15121471409430176,26.451599444011208,2.702246368846196e-07,752,166,267,15,0.15121471409430176
HistoryMentalIllnessTreatmnt_c,AlcoholProblem_c,1200,0.15025897839475363,26.34820780844688,2.8508331918902533e-07,424,67,524,185,0.15025897839475363
MentalIllnessTreatmentCurrnt_c,subclass_cod_benzo,1200,0.14605416340517496,24.382292381606025,7.899143949023685e-07,566,14,562,58,0.14605416340517496
DepressedMood_c,DeathFriendOrFamilyOther_c,1200,0.14326282234165097,23.33531536382487,1.3607842713377626e-06,829,36,295,40,0.14326282234165097
SuicideAttemptHistory_c,AlcoholProblem_c,1200,0.13860747230762344,22.242439838866318,2.403030805853508e-06,766,168,182,84,0.13860747230762344
MentalHealthProblem_c,SubstanceAbuseOther_c,1200,0.133574630904549,20.67237706433034,5.449654096136925e-06,414,46,591,149,0.133574630904549
HistoryMentalIllnessTreatmnt_c,subclass_cod_benzo,1200,0.13174322212578837,19.7145595786425,8.991371876738595e-06,480,11,648,61,0.13174322212578837
MentalIllnessTreatmentCurrnt_c,SubstanceAbuseOther_c,1200,0.12769959506316592,18.882059285160572,1.3905430188292393e-05,514,66,491,129,0.12769959506316592
MentalHealthProblem_c,subclass_cod_benzo,1200,0.12702182262938183,18.276995774683105,1.909998014532395e-05,450,10,678,62,0.12702182262938183
AlcoholUseSuspected,subclass_cod_antid,1163,0.12514058378446755,16.94198761980509,3.853963630505932e-05,923,64,148,28,0.12514058378446755
SuicideThoughtHistory_c,AlcoholProblem_c,1200,0.11404192004991265,14.960235544940494,0.00010980080219943454,742,167,206,85,0.11404192004991265
MentalIllnessTreatmentCurrnt_c,AlcoholProblem_c,1200,0.11381821265382182,14.99134058940314,0.0001080056552319176,486,94,462,158,0.11381821265382182
DeathFriendOrFamilyOther_c,subclass_cod_benzo,1200,0.10718732478459106,11.996130441193467,0.0005331112864074426,1064,60,64,12,0.10718732478459106
AlcoholProblem_c,RecentCriminalLegalProblem_c,1200,0.10701720580709574,12.564110698687648,0.0003932258245589166,912,36,228,24,0.10701720580709574
AnyCrisis_c,JobProblem_c,1200,0.10624021477996151,12.723702664796633,0.0003610502284855246,830,70,255,45,0.10624021477996151
IntimatePartnerProblem_c,AlcoholUseSuspected,1163,0.1050783450827792,12.15438277192423,0.0004897264739238165,778,117,209,59,0.1050783450827792
dap,subclass_cod_benzo,1200,-0.10341875517521353,11.973977123952519,0.0005394867256960941,492,47,636,25,0.10341875517521353
HistoryMentalIllnessTreatmnt_c,Military,1179,-0.10190725949671403,11.636802380759592,0.0006465965919623576,400,83,625,71,0.10190725949671403
PhysicalHealthProblem_c,Argument_c,1200,-0.10142855490807111,11.498444288512012,0.000696544646941986,879,140,173,8,0.10142855490807111
dap,JobProblem_c,1200,0.10047767258597282,11.438397518498391,0.0007194180864964583,505,34,580,81,0.10047767258597282
dap,subclass_cod_op,1200,-0.10018699533326614,11.206352734962504,0.0008151778064702792,493,46,636,25,0.10018699533326614
MentalHealthProblem_c,PhysicalHealthProblem_c,1200,-0.09873668456522139,11.138160385478393,0.0008456971993887035,370,90,649,91,0.09873668456522139
DeathFriendOrFamilyOther_c,subclass_cod_op,1200,0.09430857085631576,9.094869255464893,0.0025632753427318553,1064,60,65,11,0.09430857085631576
DepressedMood_c,JobProblem_c,1200,0.09400518402927699,9.90441581837213,0.0016488265965374162,797,68,288,47,0.09400518402927699
DepressedMood_c,Argument_c,1200,-0.09218144307674372,9.581539460136105,0.0019654353663052103,742,123,310,25,0.09218144307674372
MentalIllnessTreatmentCurrnt_c,Military,1179,-0.09209031520565286,9.459335941708726,0.0021007711128619017,479,93,546,61,0.09209031520565286
DepressedMood_c,PhysicalHealthProblem_c,1200,0.09068553720999704,9.311859219515476,0.0022767532801703234,752,113,267,68,0.09068553720999704
AnyCrisis_c,AlcoholProblem_c,1200,0.0897735761743187,9.168843346058537,0.002461701043840581,730,170,218,82,0.0897735761743187
SuicideNote_c,FinancialProblem_c,1200,0.0897208451147105,8.956825165907102,0.0027643487122204938,754,48,354,44,0.0897208451147105
HistoryMentalIllnessTreatmnt_c,PhysicalHealthProblem_c,1200,-0.08969951307993639,9.152175457558423,0.0024842254356815347,398,93,621,88,0.08969951307993639
SuicideNote_c,SubstanceAbuseOther_c,1200,-0.08960098826587908,9.125033420291675,0.0025213527906513124,653,149,352,46,0.08960098826587908
AnyCrisis_c,SuicideIntentDisclosed_c,1200,0.08855087669491532,8.871936005059514,0.0028958786805761954,765,135,232,68,0.08855087669491532
SuicideIntentDisclosed_c,Argument_c,1200,0.08763217861029703,8.518115167577129,0.0035162848585091368,887,110,165,38,0.08763217861029703
DepressedMood_c,FinancialProblem_c,1200,0.0859963825440659,8.168554397087213,0.004262286401539242,811,54,297,38,0.0859963825440659
SubstanceAbuseOther_c,RecentCriminalLegalProblem_c,1200,0.08550801153964756,7.742663202207586,0.005393120374010226,963,42,177,18,0.08550801153964756
dap,SuicideThoughtHistory_c,1200,-0.08323085452500695,7.927021964835923,0.004870188911979864,387,152,522,139,0.08323085452500695
MentalHealthProblem_c,Military,1179,-0.08262123244200101,7.551801866087647,0.005995009872394689,377,75,648,79,0.08262123244200101
PhysicalHealthProblem_c,subclass_cod_op,1200,0.0818232840122814,7.094250444809081,0.007733162681408993,967,52,162,19,0.0818232840122814
SubstanceAbuseOther_c,Military,1179,-0.08162084104737719,7.2108353531671545,0.007246475961742575,847,141,178,13,0.08162084104737719
dap,AnyCrisis_c,1200,0.0802827707623878,7.366137212690054,0.006646355313273149,425,114,475,186,0.0802827707623878
SuicideAttemptHistory_c,Military,1179,-0.07936750836487037,6.8702998022360555,0.008763994782356668,785,133,240,21,0.07936750836487037
MentalHealthProblem_c,SuicideIntentDisclosed_c,1200,0.07688308263345492,6.677684149680347,0.009762738329575265,399,61,598,142,0.07688308263345492
SubstanceAbuseOther_c,subclass_cod_antid,1200,0.07634155686099992,6.271291712935952,0.012270965471581644,929,76,169,26,0.07634155686099992
SuicideAttemptHistory_c,subclass_cod_antid,1200,0.0747448511294661,6.074426711117109,0.013715280625712898,865,69,233,33,0.0747448511294661
SuicideNote_c,SuicideAttemptHistory_c,1200,-0.07339314128776797,6.094014420001649,0.013564056191056795,607,195,327,71,0.07339314128776797
Military,subclass_cod_antid,1179,-0.07283147504519931,5.502235604815404,0.018992178101335827,930,95,149,5,0.07283147504519931
DepressedMood_c,SuicideThoughtHistory_c,1200,0.07265427000549064,5.9621180466445285,0.014616471768332542,672,193,237,98,0.07265427000549064
HistoryMentalIllnessTreatmnt_c,SuicideIntentDisclosed_c,1200,0.0726089003751777,5.938688102898865,0.014812039877717889,424,67,573,136,0.0726089003751777
AnyCrisis_c,FinancialProblem_c,1200,0.07233284882542365,5.666300423795322,0.01729389104147822,841,59,267,33,0.07233284882542365
MentalIllnessTreatmentCurrnt_c,PhysicalHealthProblem_c,1200,-0.07230085875662108,5.875142129733139,0.015356133254746555,477,103,542,78,0.07230085875662108
PhysicalHealthProblem_c,FinancialProblem_c,1200,0.07109275545654592,5.341376745309693,0.020825019912820052,949,70,159,22,0.07109275545654592
SuicideNote_c,subclass_cod_op,1200,0.07090629243066938,5.411800907311527,0.020001071498020682,764,38,365,33,0.07090629243066938
dap,SubstanceAbuseOther_c,1200,-0.0699936895247977,5.503687336150264,0.018976418501191108,436,103,569,92,0.0699936895247977
IntimatePartnerProblem_c,SuicideIntentDisclosed_c,1200,0.06969924838752418,5.399348164409128,0.020144273666507576,776,142,221,61,0.06969924838752418
SubstanceAbuseOther_c,subclass_cod_benzo,1200,0.06943572453687882,5.0201800598752016,0.02505356364041985,952,53,176,19,0.06943572453687882
HistoryMentalIllnessTreatmnt_c,Argument_c,1200,-0.06929240292476187,5.3411014518333095,0.020828308805052577,417,74,635,74,0.06929240292476187
SuicideNote_c,PhysicalHealthProblem_c,1200,0.06908292805534698,5.32428447525813,0.021030241678738754,695,107,324,74,0.06908292805534698
SuicideAttemptHistory_c,subclass_cod_benzo,1200,0.0679207136326491,4.868737062027247,0.02734750762941635,886,48,242,24,0.0679207136326491
MentalHealthProblem_c,SuicideNote_c,1200,-0.06710604237371424,5.114683780483779,0.023724189521416278,289,171,513,227,0.06710604237371424
SuicideIntentDisclosed_c,subclass_cod_op,1200,0.06584683418457773,4.485161737508994,0.034190311155341296,945,52,184,19,0.06584683418457773
SubstanceAbuseOther_c,PhysicalHealthProblem_c,1200,-0.06572181437741775,4.697390950678754,0.030208441609385368,843,162,176,19,0.06572181437741775
IntimatePartnerProblem_c,subclass_cod_benzo,1200,-0.06554502520982174,4.5249956193600305,0.03340316110528906,855,63,273,9,0.06554502520982174
HistoryMentalIllnessTreatmnt_c,SuicideNote_c,1200,-0.06534391781930547,4.845404137155946,0.027719896206705973,310,181,492,217,0.06534391781930547
SuicideNote_c,JobProblem_c,1200,0.0652907874124708,4.655201503334332,0.03095959852908354,736,66,349,49,0.0652907874124708
SuicideNote_c,Argument_c,1200,-0.0650609414422691,4.667946487052162,0.030730650831901064,691,111,361,37,0.0650609414422691
MentalIllnessTreatmentCurrnt_c,SuicideIntentDisclosed_c,1200,0.06279252777350251,4.402247658717229,0.03589159727433632,496,84,501,119,0.06279252777350251
SuicideAttemptHistory_c,subclass_cod_op,1200,0.06174860545687659,3.9670753482282404,0.04639829394756617,886,48,243,23,0.06174860545687659
SuicideIntentDisclosed_c,subclass_cod_antid,1200,0.06173135560831239,4.001536748709203,0.04545879853806092,920,77,178,25,0.06173135560831239
SuicideThoughtHistory_c,SubstanceAbuseOther_c,1200,0.06173082445373188,4.190743739707099,0.04064526211023754,773,136,232,59,0.06173082445373188
AlcoholProblem_c,Argument_c,1200,0.061723387295554356,4.1224861988206065,0.04231684613243376,841,107,211,41,0.061723387295554356
MentalIllnessTreatmentCurrnt_c,FinancialProblem_c,1200,-0.05975199210635647,3.8467373975758097,0.049842857157576276,526,54,582,38,0.05975199210635647
MentalHealthProblem_c,subclass_cod_op,1200,0.05969060680936172,3.7710420691636832,0.05214713550251527,441,19,688,52,0.05969060680936172
MentalIllnessTreatmentCurrnt_c,subclass_cod_op,1200,0.05878202652901602,3.6628147052727202,0.05563956230970781,554,26,575,45,0.05878202652901602
MentalIllnessTreatmentCurrnt_c,Argument_c,1200,-0.05815269747731982,3.7118967409065844,0.05402596483176036,497,83,555,65,0.05815269747731982
subclass_cod_benzo,RecentCriminalLegalProblem_c,1200,-0.05796087030059365,2.9892994898593996,0.08381641951638717,1068,60,72,0,0.05796087030059365
JobProblem_c,subclass_cod_op,1200,-0.0576446991651334,3.200678323241092,0.07360773469697743,1016,69,113,2,0.0576446991651334
AlcoholUseSuspected,subclass_cod_benzo,1163,0.05644860725805544,3.0690739516171064,0.07979491464463664,934,53,160,16,0.05644860725805544
MentalHealthProblem_c,FinancialProblem_c,1200,-0.056260386720003254,3.375810005715899,0.06616005037659678,416,44,692,48,0.056260386720003254
SuicideNote_c,IntimatePartnerProblem_c,1200,0.056230795408306014,3.5178268587142707,0.06071200319482501,627,175,291,107,0.056230795408306014
subclass_cod_antid,DeathFriendOrFamilyOther_c,1200,0.055698806742290136,2.947976742888117,0.08598514509980695,1033,65,91,11,0.055698806742290136
MentalHealthProblem_c,AnyCrisis_c,1200,-0.05541567453293754,3.4265569917743828,0.06415572051182046,331,129,569,171,0.05541567453293754
JobProblem_c,RecentCriminalLegalProblem_c,1200,0.05520499005367343,2.8472302776576788,0.09153150203079737,1035,50,105,10,0.05520499005367343
DepressedMood_c,SuicideAttemptHistory_c,1200,-0.054823651617084156,3.318530749690274,0.06850302399115117,661,204,273,62,0.054823651617084156
dap,AlcoholProblem_c,1200,0.05425334129547218,3.2693986543766,0.0705834923005786,439,100,509,152,0.05425334129547218
SuicideAttemptHistory_c,SuicideIntentDisclosed_c,1200,0.05352340915620176,3.102584441421125,0.07816810935165837,786,148,211,55,0.05352340915620176
SuicideNote_c,subclass_cod_benzo,1200,0.0530654341188899,2.9211958876464355,0.08742305054499148,761,41,367,31,0.0530654341188899
DepressedMood_c,AnyCrisis_c,1200,0.05255390545392702,3.0492623587265983,0.08077382149383486,661,204,239,96,0.05255390545392702
MentalIllnessTreatmentCurrnt_c,SuicideNote_c,1200,-0.05183056581069194,3.007155032079275,0.08289767038228793,373,207,429,191,0.05183056581069194
HistoryMentalIllnessTreatmnt_c,subclass_cod_op,1200,0.05065026082047272,2.6573993268033593,0.10306913059330491,469,22,660,49,0.05065026082047272
DepressedMood_c,subclass_cod_antid,1200,-0.04979213286633045,2.590411358129005,0.10751240983065107,784,81,314,21,0.04979213286633045
FinancialProblem_c,DeathFriendOrFamilyOther_c,1200,-0.04920940724724783,2.1961136940250867,0.1383591757908293,1034,74,90,2,0.04920940724724783
FinancialProblem_c,RecentCriminalLegalProblem_c,1200,0.04886167136146361,2.0842799197019404,0.1488223844304831,1056,52,84,8,0.04886167136146361
Military,DeathFriendOrFamilyOther_c,1179,-0.04841972883794237,2.2034516123877683,0.137702097774617,956,69,149,5,0.04841972883794237
dap,SuicideIntentDisclosed_c,1200,-0.04834864938873546,2.551829013968834,0.11016665393743046,437,102,560,101,0.04834864938873546
MentalHealthProblem_c,Argument_c,1200,-0.04830268626744212,2.5057960428113173,0.1134281567506494,394,66,658,82,0.04830268626744212
AlcoholProblem_c,subclass_cod_antid,1200,0.04827268378345055,2.3874787054846376,0.12231075343638777,874,74,224,28,0.04827268378345055
MentalIllnessTreatmentCurrnt_c,DepressedMood_c,1200,0.04801659938858256,2.556661227608509,0.10983031444636068,431,149,434,186,0.04801659938858256
HistoryMentalIllnessTreatmnt_c,AnyCrisis_c,1200,-0.04794812060138415,2.538212507791876,0.11112052074932227,356,135,544,165,0.04794812060138415
IntimatePartnerProblem_c,subclass_cod_op,1200,-0.04735759890935061,2.2387065990032746,0.13459352161210994,858,60,271,11,0.04735759890935061
dap,DeathFriendOrFamilyOther_c,1200,-0.0472097036081138,2.2990211007456978,0.12945556273925513,498,41,626,35,0.0472097036081138
AlcoholUseSuspected,DeathFriendOrFamilyOther_c,1163,0.047195511754350085,2.0790478715007805,0.14933330013741017,929,58,160,16,0.047195511754350085
IntimatePartnerProblem_c,AlcoholProblem_c,1200,0.047192150374794205,2.4062404485190347,0.12085229431013972,735,183,213,69,0.047192150374794205
MentalHealthProblem_c,RecentCriminalLegalProblem_c,1200,-0.04718562043336783,2.2450367988125426,0.13404371962611,431,29,709,31,0.04718562043336783
IntimatePartnerProblem_c,JobProblem_c,1200,0.046571022573080344,2.2428690374421976,0.1342317147289618,837,81,248,34,0.046571022573080344
MentalIllnessTreatmentCurrnt_c,AnyCrisis_c,1200,-0.04621370295029601,2.353726362625139,0.12498392646780715,423,157,477,143,0.04621370295029601
dap,RecentCriminalLegalProblem_c,1200,0.04573777656565501,2.106155421364779,0.1467074910032357,518,21,622,39,0.04573777656565501
SuicideAttemptHistory_c,PhysicalHealthProblem_c,1200,-0.045528754648116135,2.190596393849279,0.1388555412619301,785,149,234,32,0.045528754648116135
SuicideAttemptHistory_c,JobProblem_c,1200,-0.04424451226587081,2.0011651698694006,0.15717834217795562,838,96,247,19,0.04424451226587081
SuicideAttemptHistory_c,RecentCriminalLegalProblem_c,1200,0.04326500883060146,1.793732612834916,0.18047204193877492,892,42,248,18,0.04326500883060146
AnyCrisis_c,Military,1179,0.042586074256709794,1.8566958592368943,0.1730066303200523,775,108,250,46,0.042586074256709794
SuicideThoughtHistory_c,Argument_c,1200,0.042042030512057973,1.833210473086652,0.175748810627545,804,105,248,43,0.042042030512057973
AlcoholUseSuspected,PhysicalHealthProblem_c,1163,-0.041672783457369744,1.7061274686536532,0.1914885835105844,834,153,156,20,0.041672783457369744
SuicideNote_c,AlcoholProblem_c,1200,-0.04163068873555677,1.8683107673309491,0.1716686748660929,624,178,324,74,0.04163068873555677
SuicideAttemptHistory_c,Argument_c,1200,-0.04153007783343192,1.7767958237593333,0.18254327356183725,812,122,240,26,0.04153007783343192
PhysicalHealthProblem_c,subclass_cod_benzo,1200,0.04059143544865341,1.5284532174796186,0.21634473772758026,962,57,166,15,0.04059143544865341
AnyCrisis_c,subclass_cod_benzo,1200,-0.0405180531938596,1.5957446808510638,0.20650729548542135,841,59,287,13,0.0405180531938596
HistoryMentalIllnessTreatmnt_c,FinancialProblem_c,1200,-0.0404932865575491,1.6702805990660372,0.19622095474995774,447,44,661,48,0.0404932865575491
Argument_c,subclass_cod_op,1200,-0.04035236882836442,1.468454891591995,0.22558963529699844,986,66,143,5,0.04035236882836442
SuicideNote_c,subclass_cod_antid,1200,0.039159436521449535,1.5539960254285476,0.21254648752254082,740,62,358,40,0.039159436521449535
JobProblem_c,subclass_cod_antid,1200,-0.038320675568807985,1.3262831631169478,0.2494675248124854,989,96,109,6,0.038320675568807985
HistoryMentalIllnessTreatmnt_c,DepressedMood_c,1200,0.038049796100878525,1.569114382995132,0.21033567338163808,364,127,501,208,0.038049796100878525
AnyCrisis_c,subclass_cod_antid,1200,-0.03795428352494392,1.4286224508018144,0.2319893868406169,818,82,280,20,0.03795428352494392
IntimatePartnerProblem_c,SubstanceAbuseOther_c,1200,-0.03636115503782147,1.3626123950596702,0.24308524338326837,762,156,243,39,0.03636115503782147
SuicideIntentDisclosed_c,SubstanceAbuseOther_c,1200,0.03622766980672905,1.3238813792817545,0.24989665069789746,841,156,164,39,0.03622766980672905
MentalHealthProblem_c,DeathFriendOrFamilyOther_c,1200,0.03612401256792067,1.2757376544765482,0.25869305311731755,436,24,688,52,0.03612401256792067
Argument_c,JobProblem_c,1200,-0.03601647457889041,1.2067595683122647,0.2719748319535793,947,105,138,10,0.03601647457889041
dap,DepressedMood_c,1200,0.035370717568817184,1.3469707817682852,0.24580838770638408,398,141,467,194,0.035370717568817184
SuicideThoughtHistory_c,IntimatePartnerProblem_c,1200,0.03492020807773128,1.2774528667515077,0.2583731693162064,703,206,215,76,0.03492020807773128
JobProblem_c,subclass_cod_benzo,1200,-0.03456962405713798,0.9821934801792169,0.3216578705831437,1017,68,111,4,0.03456962405713798
AlcoholProblem_c,JobProblem_c,1200,0.033709689815812134,1.0969473805109597,0.29493700401051887,862,86,223,29,0.033709689815812134
FinancialProblem_c,subclass_cod_benzo,1200,-0.03323511569365757,0.8516816559075858,0.35607704040956434,1039,69,89,3,0.03323511569365757
PhysicalHealthProblem_c,RecentCriminalLegalProblem_c,1200,-0.03258567000478664,0.8906667473285278,0.34529668966615523,965,54,175,6,0.03258567000478664
AnyCrisis_c,SuicideThoughtHistory_c,1200,0.03255434295789586,1.1023782790650198,0.2937447633165442,689,211,220,80,0.03255434295789586
FinancialProblem_c,subclass_cod_op,1200,-0.032435756151374326,0.7986536114362045,0.3714962226579479,1040,68,89,3,0.032435756151374326
IntimatePartnerProblem_c,FinancialProblem_c,1200,0.03235531765259303,0.9857977261510431,0.3207716203986253,852,66,256,26,0.03235531765259303
MentalHealthProblem_c,IntimatePartnerProblem_c,1200,-0.03193505488346382,1.0738060256480018,0.3000873345287989,344,116,574,166,0.03193505488346382
DepressedMood_c,IntimatePartnerProblem_c,1200,0.03187409712725637,1.0573277563796832,0.3038254539492286,669,196,249,86,0.03187409712725637
SuicideThoughtHistory_c,RecentCriminalLegalProblem_c,1200,-0.03167036817270537,0.8884447858784792,0.3458991043827443,860,49,280,11,0.03167036817270537
MentalIllnessTreatmentCurrnt_c,IntimatePartnerProblem_c,1200,-0.030284209015065785,0.9622706915346043,0.32661544100832246,436,144,482,138,0.030284209015065785
SuicideNote_c,SuicideIntentDisclosed_c,1200,-0.02987763892883654,0.9086232918279438,0.3404799639495527,660,142,337,61,0.02987763892883654
SuicideThoughtHistory_c,subclass_cod_benzo,1200,0.028982461920787073,0.7433484446638711,0.3885903586883922,858,51,270,21,0.028982461920787073
SuicideIntentDisclosed_c,DeathFriendOrFamilyOther_c,1200,0.028687066106075222,0.6983554127728346,0.4033368517464464,937,60,187,16,0.028687066106075222
AlcoholProblem_c,PhysicalHealthProblem_c,1200,-0.028640998425990886,0.7976919051150914,0.3717843490944117,800,148,219,33,0.028640998425990886
MentalHealthProblem_c,JobProblem_c,1200,-0.02862816071775725,0.7936259415008119,0.37300596748499404,411,49,674,66,0.02862816071775725
DeathFriendOrFamilyOther_c,RecentCriminalLegalProblem_c,1200,-0.028257630928668644,0.49979791208682833,0.4795889313166757,1066,58,74,2,0.028257630928668644
dap,Argument_c,1200,-0.02814159183846402,0.7860678850348484,0.37529176529824515,467,72,585,76,0.02814159183846402
IntimatePartnerProblem_c,subclass_cod_antid,1200,-0.02797851127315822,0.717642889773032,0.3969181740899551,836,82,262,20,0.02797851127315822
Argument_c,RecentCriminalLegalProblem_c,1200,-0.027907806896813877,0.5857568595211181,0.44406462142031,997,55,143,5,0.027907806896813877
SuicideThoughtHistory_c,PhysicalHealthProblem_c,1200,0.02774819934307096,0.7519081545595652,0.38587276941087056,777,132,242,49,0.02774819934307096
DepressedMood_c,SubstanceAbuseOther_c,1200,-0.02738102628750438,0.741816292996635,0.38907967522326226,719,146,286,49,0.02738102628750438
SuicideIntentDisclosed_c,PhysicalHealthProblem_c,1200,0.027209214193630905,0.6971877806905011,0.4037302571550224,851,146,168,35,0.027209214193630905
SubstanceAbuseOther_c,AlcoholUseSuspected,1163,-0.027151175373251547,0.6631107801806662,0.41546386434129523,825,152,162,24,0.027151175373251547
AlcoholProblem_c,subclass_cod_benzo,1200,-0.026878845004773732,0.6113583476901545,0.43427682618554864,888,60,240,12,0.026878845004773732
HistoryMentalIllnessTreatmnt_c,RecentCriminalLegalProblem_c,1200,-0.026829243468932652,0.6315444763972881,0.42678935520942896,463,28,677,32,0.026829243468932652
PhysicalHealthProblem_c,JobProblem_c,1200,-0.02646643101817179,0.6081102513240646,0.43550022238476505,918,101,167,14,0.02646643101817179
SuicideIntentDisclosed_c,subclass_cod_benzo,1200,0.02639453152969747,0.5658312322987201,0.45192024533329334,940,57,188,15,0.02639453152969747
AlcoholProblem_c,Military,1179,-0.02559626578286545,0.5968252811390171,0.4397918952604898,807,126,218,28,0.02559626578286545
SuicideAttemptHistory_c,FinancialProblem_c,1200,-0.025587609784470812,0.5711952384546775,0.4497843510209216,859,75,249,17,0.025587609784470812
AlcoholProblem_c,subclass_cod_op,1200,-0.025234438796765353,0.5241030107273001,0.4690966829027947,889,59,240,12,0.025234438796765353
subclass_cod_op,RecentCriminalLegalProblem_c,1200,-0.025119370291909932,0.34746730347119276,0.5555503414688384,1071,58,69,2,0.025119370291909932
SubstanceAbuseOther_c,FinancialProblem_c,1200,-0.025046043561581917,0.5192154965966804,0.47117652076534267,925,80,183,12,0.025046043561581917
SuicideAttemptHistory_c,AlcoholUseSuspected,1163,0.02466208507390744,0.5510152356490555,0.4579031658993332,774,133,213,43,0.02466208507390744
SuicideNote_c,DepressedMood_c,1200,-0.024101540217850995,0.5876151977819601,0.443342791443317,572,230,293,105,0.024101540217850995
Military,subclass_cod_benzo,1179,-0.024058883341265252,0.4153238274049428,0.519279634360395,961,64,147,7,0.024058883341265252
IntimatePartnerProblem_c,DeathFriendOrFamilyOther_c,1200,-0.02307870482830428,0.43520717935566444,0.5094448637932267,857,61,267,15,0.02307870482830428
DepressedMood_c,subclass_cod_op,1200,-0.022210179600741013,0.4006991673025788,0.5267283985378521,811,54,318,17,0.022210179600741013
MentalHealthProblem_c,AlcoholUseSuspected,1163,0.022177397600881676,0.4518151701346913,0.5014742171156368,383,63,604,113,0.022177397600881676
Argument_c,subclass_cod_antid,1200,0.021991589915835264,0.36531392629525905,0.5455697262771193,965,87,133,15,0.021991589915835264
AnyCrisis_c,AlcoholUseSuspected,1163,0.021947892441567342,0.42775572147152197,0.5130922412428586,744,128,243,48,0.021947892441567342
SuicideNote_c,Military,1179,-0.021769974754476153,0.4299716822132216,0.5120028436746749,681,107,344,47,0.021769974754476153
dap,AlcoholUseSuspected,1163,-0.02151826432019511,0.4244953761433652,0.514702419515412,436,83,551,93,0.02151826432019511
DepressedMood_c,AlcoholProblem_c,1200,0.021207979875930785,0.4299026665790927,0.51203671212915,688,177,260,75,0.021207979875930785
Military,RecentCriminalLegalProblem_c,1179,-0.021039988142143,0.27648771040311304,0.5990125912748283,971,54,148,6,0.021039988142143
MentalHealthProblem_c,DepressedMood_c,1200,0.020696081392622818,0.423481851726403,0.5152047613311974,337,123,528,212,0.020696081392622818
SuicideNote_c,AlcoholUseSuspected,1163,0.020622979680397578,0.37976309406876635,0.5377300516560157,666,114,321,62,0.020622979680397578
AlcoholProblem_c,FinancialProblem_c,1200,0.020608567599487333,0.3372253852575089,0.561435177311431,878,70,230,22,0.020608567599487333
subclass_cod_antid,FinancialProblem_c,1200,-0.020440314996244383,0.26373119397850087,0.6075682846104777,1012,86,96,6,0.020440314996244383
SuicideIntentDisclosed_c,FinancialProblem_c,1200,0.02035719685491183,0.314148296838187,0.5751457108246423,923,74,185,18,0.02035719685491183
Argument_c,subclass_cod_benzo,1200,-0.02006224684578856,0.2602452788521879,0.6099516950304072,987,65,141,7,0.02006224684578856
SuicideThoughtHistory_c,DeathFriendOrFamilyOther_c,1200,-0.019398543890588992,0.2848535133982151,0.5935375548775504,849,60,275,16,0.019398543890588992
SuicideThoughtHistory_c,Military,1179,-0.018968239551612306,0.30291006226932127,0.5820637984849587,774,120,251,34,0.018968239551612306
SuicideIntentDisclosed_c,RecentCriminalLegalProblem_c,1200,0.018868150229865273,0.22749087292991232,0.6333905819831974,949,48,191,12,0.018868150229865273
Military,FinancialProblem_c,1179,0.01860859260277475,0.22834059097249673,0.6327569943347449,947,78,140,14,0.01860859260277475
IntimatePartnerProblem_c,Military,1179,-0.018135090555222416,0.2710713748674215,0.602613988880532,782,121,243,33,0.018135090555222416
AlcoholUseSuspected,FinancialProblem_c,1163,-0.017176123645772614,0.18367273815188115,0.6682357627510167,913,74,165,11,0.017176123645772614
IntimatePartnerProblem_c,RecentCriminalLegalProblem_c,1200,0.01713408438180206,0.19127222868741842,0.6618598553809187,874,44,266,16,0.01713408438180206
SuicideNote_c,RecentCriminalLegalProblem_c,1200,0.017054687644563755,0.2026143316662067,0.6526188569005575,764,38,376,22,0.017054687644563755
AlcoholProblem_c,DeathFriendOrFamilyOther_c,1200,-0.016464286947888894,0.18049312659548816,0.6709497974354154,886,62,238,14,0.016464286947888894
AnyCrisis_c,SuicideAttemptHistory_c,1200,-0.01621635159277288,0.23184299077458098,0.6301606331474419,697,203,237,63,0.01621635159277288
AnyCrisis_c,DeathFriendOrFamilyOther_c,1200,-0.015802995188476616,0.16857089342573514,0.6813850354099644,841,59,283,17,0.015802995188476616
MentalIllnessTreatmentCurrnt_c,AlcoholUseSuspected,1163,0.015364967144873554,0.1954734798851157,0.6583996020793732,481,82,506,94,0.015364967144873554
MentalIllnessTreatmentCurrnt_c,RecentCriminalLegalProblem_c,1200,-0.015302886224364836,0.15807037058720214,0.6909393287503189,549,31,591,29,0.015302886224364836
subclass_cod_antid,RecentCriminalLegalProblem_c,1200,-0.01508150298540268,0.08120590772978713,0.7756698052302348,1042,56,98,4,0.01508150298540268
AnyCrisis_c,PhysicalHealthProblem_c,1200,0.014787871849637054,0.17566783597829094,0.6751229758155562,767,133,252,48,0.014787871849637054
HistoryMentalIllnessTreatmnt_c,IntimatePartnerProblem_c,1200,-0.014450397349654113,0.18605456202264953,0.6662208610100571,372,119,546,163,0.014450397349654113
SuicideNote_c,AnyCrisis_c,1200,0.014306674229079337,0.1804533891402148,0.6709838942980182,605,197,295,103,0.014306674229079337
Argument_c,DeathFriendOrFamilyOther_c,1200,-0.014289878229840137,0.09909379310379343,0.7529198397128565,984,68,140,8,0.014289878229840137
SubstanceAbuseOther_c,Argument_c,1200,-0.01408302800595041,0.13605954244964524,0.7122302174951549,879,126,173,22,0.01408302800595041
Military,subclass_cod_op,1179,-0.013478717933077361,0.07905636761083756,0.7785802879198729,962,63,146,8,0.013478717933077361
SuicideIntentDisclosed_c,Military,1179,-0.01339386733904542,0.11870311766306996,0.7304453415747636,850,130,175,24,0.01339386733904542
AlcoholUseSuspected,Military,1143,-0.012570280655588002,0.09173028604392419,0.761988872899536,841,131,150,21,0.012570280655588002
SubstanceAbuseOther_c,DeathFriendOrFamilyOther_c,1200,-0.01252058803611881,0.07457633096063902,0.7847865909305543,940,65,184,11,0.01252058803611881
MentalIllnessTreatmentCurrnt_c,DeathFriendOrFamilyOther_c,1200,0.01186761753718475,0.0855667605116174,0.7698906253038456,545,35,579,41,0.01186761753718475
PhysicalHealthProblem_c,subclass_cod_antid,1200,-0.01156387488192374,0.06552016897465235,0.7979747141154224,931,88,167,14,0.01156387488192374
SuicideIntentDisclosed_c,AlcoholUseSuspected,1163,0.011561831278326853,0.08084026264543151,0.7761619260848316,825,145,162,31,0.011561831278326853
dap,SuicideNote_c,1200,-0.011499632781649826,0.11338392307913417,0.7363239945135236,357,182,445,216,0.011499632781649826
Military,Argument_c,1179,0.011229176725469582,0.06391088294020998,0.8004181167310156,903,122,134,20,0.011229176725469582
DepressedMood_c,RecentCriminalLegalProblem_c,1200,0.010654492081203582,0.0490398630516417,0.8247424852164991,823,42,317,18,0.010654492081203582
SubstanceAbuseOther_c,JobProblem_c,1200,0.010072016586608015,0.04665113622430823,0.8289965238450364,910,95,175,20,0.010072016586608015
dap,IntimatePartnerProblem_c,1200,-0.009226290481343111,0.06308612630595474,0.801683051118429,410,129,508,153,0.009226290481343111
AlcoholProblem_c,SuicideIntentDisclosed_c,1200,-0.008895468236887485,0.045635262266011285,0.8308401928695462,786,162,211,41,0.008895468236887485
JobProblem_c,DeathFriendOrFamilyOther_c,1200,0.008329994414837253,0.007610627393027286,0.930481611645094,1017,68,107,8,0.008329994414837253
Military,JobProblem_c,1179,0.008303549549291434,0.019451703590862155,0.8890792630203218,926,99,138,16,0.008303549549291434
SuicideThoughtHistory_c,AlcoholUseSuspected,1163,0.008270179213572513,0.03476834269645675,0.8520819181064937,750,132,237,44,0.008270179213572513
MentalIllnessTreatmentCurrnt_c,JobProblem_c,1200,-0.00802555897718129,0.032360807852354075,0.8572380624079394,523,57,562,58,0.00802555897718129
SuicideThoughtHistory_c,JobProblem_c,1200,0.007348336580057757,0.019641356278598587,0.8885433540178139,823,86,262,29,0.007348336580057757
AlcoholUseSuspected,subclass_cod_op,1163,0.007253999517659335,0.005331197766746993,0.9417941400001184,930,57,165,11,0.007253999517659335
DepressedMood_c,AlcoholUseSuspected,1163,-0.007128616929384603,0.02310989198653495,0.8791716500361214,709,128,278,48,0.007128616929384603
AlcoholUseSuspected,RecentCriminalLegalProblem_c,1163,-0.006956671206335533,0.0022792667811394845,0.9619221263713066,938,49,168,8,0.006956671206335533
DepressedMood_c,SuicideIntentDisclosed_c,1200,0.0065861957148985375,0.02025700786950517,0.8868216292958396,720,145,277,58,0.0065861957148985375
AnyCrisis_c,SubstanceAbuseOther_c,1200,0.0065209225253894925,0.018369690011481057,0.8921890283381423,755,145,250,50,0.0065209225253894925
SuicideNote_c,SuicideThoughtHistory_c,1200,-0.006256575974058151,0.021084412782481646,0.8845492337777596,606,196,303,95,0.006256575974058151
Argument_c,FinancialProblem_c,1200,0.006223196886615329,0.0025598342711354513,0.9596484027069088,972,80,136,12,0.006223196886615329
AnyCrisis_c,subclass_cod_op,1200,-0.006117647962005764,0.004990082211604436,0.9436838654631632,846,54,283,17,0.006117647962005764
SuicideNote_c,DeathFriendOrFamilyOther_c,1200,0.0057652517521337016,0.005452921292618117,0.9411345966876041,752,50,372,26,0.0057652517521337016
HistoryMentalIllnessTreatmnt_c,JobProblem_c,1200,-0.0054458817703325595,0.007907396283444027,0.929142674025933,443,48,642,67,0.0054458817703325595
PhysicalHealthProblem_c,DeathFriendOrFamilyOther_c,1200,0.005130616295141909,0.00014745310991357856,0.9903115041651415,955,64,169,12,0.005130616295141909
SuicideIntentDisclosed_c,JobProblem_c,1200,0.00412175252452121,0.00014374337919802134,0.9904341496538407,902,95,183,20,0.00412175252452121
DepressedMood_c,Military,1179,0.0035503286553687707,0.0006672771571585483,0.9793915706626376,737,110,288,44,0.0035503286553687707
IntimatePartnerProblem_c,SuicideAttemptHistory_c,1200,-0.0024131886329508364,2.686726356723166e-06,0.998692169127976,714,204,220,62,0.0024131886329508364
SuicideThoughtHistory_c,FinancialProblem_c,1200,-0.0022654303262478236,0.0,1.0,839,70,269,22,0.0022654303262478236
SuicideThoughtHistory_c,subclass_cod_antid,1200,0.0018475552218072068,0.0,1.0,832,77,266,25,0.0018475552218072068
SuicideThoughtHistory_c,subclass_cod_op,1200,-0.0017924040886572747,0.0,1.0,855,54,274,17,0.0017924040886572747
SuicideAttemptHistory_c,DeathFriendOrFamilyOther_c,1200,0.0012630298505336578,0.0,1.0,875,59,249,17,0.0012630298505336578
AlcoholUseSuspected,JobProblem_c,1163,-0.0008149614769634908,0.0,1.0,891,96,159,17,0.0008149614769634908
DepressedMood_c,subclass_cod_benzo,1200,-0.0007822219359406345,0.0,1.0,813,52,315,20,0.0007822219359406345
HistoryMentalIllnessTreatmnt_c,DeathFriendOrFamilyOther_c,1200,0.0006726732751728041,0.0,1.0,460,31,664,45,0.0006726732751728041
HistoryMentalIllnessTreatmnt_c,AlcoholUseSuspected,1163,-0.0005707986985077524,0.0,1.0,403,72,584,104,0.0005707986985077524
